book_names,availability,ratings,prices,categories,book_urls,book_images,source_website,scraped_at
A Light in the Attic,22,Three,£51.77,Poetry,https://books.toscrape.com/catalogue/a-light-in-the-attic_1000/index.html,https://books.toscrape.com/media/cache/2c/da/2cdad67c44b002e7ead0cc35693c0e8b.jpg,https://books.toscrape.com/,2026-08-05 09:15:49.062432+00:00
Tipping the Velvet,20,One,£53.74,Historical Fiction,https://books.toscrape.com/catalogue/tipping-the-velvet_999/index.html,https://books.toscrape.com/media/cache/26/0c/260c6ae16bce31c8f8c95daddd9f4a1c.jpg,https://books.toscrape.com/,2026-08-05 09:15:49.374275+00:00
Soumission,20,One,£50.10,Fiction,https://books.toscrape.com/catalogue/soumission_998/index.html,https://books.toscrape.com/media/cache/3e/ef/3eef99c9d9adef34639f510662022830.jpg,https://books.toscrape.com/,2026-08-05 09:15:49.674389+00:00
Sharp Objects,20,Four,£47.82,Mystery,https://books.toscrape.com/catalogue/sharp-objects_997/index.html,https://books.toscrape.com/media/cache/32/51/3251cf3a3412f53f339e42cac2134093.jpg,https://books.toscrape.com/,2026-08-05 09:15:49.982355+00:00
Sapiens: A Brief History of Humankind,20,Five,£54.23,History,https://books.toscrape.com/catalogue/sapiens-a-brief-history-of-humankind_996/index.html,https://books.toscrape.com/media/cache/be/a5/bea5697f2534a2f86a3ef27b5a8c12a6.jpg,https://books.toscrape.com/,2026-08-05 09:15:50.298243+00:00
The Requiem Red,19,One,£22.65,Young Adult,https://books.toscrape.com/catalogue/the-requiem-red_995/index.html,https://books.toscrape.com/media/cache/68/33/68339b4c9bc034267e1da611ab3b34f8.jpg,https://books.toscrape.com/,2026-08-05 09:15:50.597262+00:00
The Dirty Little Secrets of Getting Your Dream Job,19,Four,£33.34,Business,https://books.toscrape.com/catalogue/the-dirty-little-secrets-of-getting-your-dream-job_994/index.html,https://books.toscrape.com/media/cache/92/27/92274a95b7c251fea59a2b8a78275ab4.jpg,https://books.toscrape.com/,2026-08-05 09:15:50.934668+00:00
"The Coming Woman: A Novel Based on the Life of the Infamous Feminist, Victoria Woodhull",19,Three,£17.93,Default,https://books.toscrape.com/catalogue/the-coming-woman-a-novel-based-on-the-life-of-the-infamous-feminist-victoria-woodhull_993/index.html,https://books.toscrape.com/media/cache/3d/54/3d54940e57e662c4dd1f3ff00c78cc64.jpg,https://books.toscrape.com/,2026-08-05 09:15:51.248458+00:00
The Boys in the Boat: Nine Americans and Their Epic Quest for Gold at the 1936 Berlin Olympics,19,Four,£22.60,Default,https://books.toscrape.com/catalogue/the-boys-in-the-boat-nine-americans-and-their-epic-quest-for-gold-at-the-1936-berlin-olympics_992/index.html,https://books.toscrape.com/media/cache/66/88/66883b91f6804b2323c8369331cb7dd1.jpg,https://books.toscrape.com/,2026-08-05 09:15:51.559001+00:00
The Black Maria,19,One,£52.15,Poetry,https://books.toscrape.com/catalogue/the-black-maria_991/index.html,https://books.toscrape.com/media/cache/58/46/5846057e28022268153beff6d352b06c.jpg,https://books.toscrape.com/,2026-08-05 09:15:51.902715+00:00
"Starving Hearts (Triangular Trade Trilogy, #1)",19,Two,£13.99,Default,https://books.toscrape.com/catalogue/starving-hearts-triangular-trade-trilogy-1_990/index.html,https://books.toscrape.com/media/cache/be/f4/bef44da28c98f905a3ebec0b87be8530.jpg,https://books.toscrape.com/,2026-08-05 09:15:52.210220+00:00
Shakespeare's Sonnets,19,Four,£20.66,Poetry,https://books.toscrape.com/catalogue/shakespeares-sonnets_989/index.html,https://books.toscrape.com/media/cache/10/48/1048f63d3b5061cd2f424d20b3f9b666.jpg,https://books.toscrape.com/,2026-08-05 09:15:52.539042+00:00
Set Me Free,19,Five,£17.46,Young Adult,https://books.toscrape.com/catalogue/set-me-free_988/index.html,https://books.toscrape.com/media/cache/5b/88/5b88c52633f53cacf162c15f4f823153.jpg,https://books.toscrape.com/,2026-08-05 09:15:52.857320+00:00
Scott Pilgrim's Precious Little Life (Scott Pilgrim #1),19,Five,£52.29,Sequential Art,https://books.toscrape.com/catalogue/scott-pilgrims-precious-little-life-scott-pilgrim-1_987/index.html,https://books.toscrape.com/media/cache/94/b1/94b1b8b244bce9677c2f29ccc890d4d2.jpg,https://books.toscrape.com/,2026-08-05 09:15:53.174070+00:00
Rip it Up and Start Again,19,Five,£35.02,Music,https://books.toscrape.com/catalogue/rip-it-up-and-start-again_986/index.html,https://books.toscrape.com/media/cache/81/c4/81c4a973364e17d01f217e1188253d5e.jpg,https://books.toscrape.com/,2026-08-05 09:15:53.497398+00:00
"Our Band Could Be Your Life: Scenes from the American Indie Underground, 1981-1991",19,Three,£57.25,Music,https://books.toscrape.com/catalogue/our-band-could-be-your-life-scenes-from-the-american-indie-underground-1981-1991_985/index.html,https://books.toscrape.com/media/cache/54/60/54607fe8945897cdcced0044103b10b6.jpg,https://books.toscrape.com/,2026-08-05 09:15:53.816861+00:00
Olio,19,One,£23.88,Poetry,https://books.toscrape.com/catalogue/olio_984/index.html,https://books.toscrape.com/media/cache/55/33/553310a7162dfbc2c6d19a84da0df9e1.jpg,https://books.toscrape.com/,2026-08-05 09:15:54.136691+00:00
Mesaerion: The Best Science Fiction Stories 1800-1849,19,One,£37.59,Science Fiction,https://books.toscrape.com/catalogue/mesaerion-the-best-science-fiction-stories-1800-1849_983/index.html,https://books.toscrape.com/media/cache/09/a3/09a3aef48557576e1a85ba7efea8ecb7.jpg,https://books.toscrape.com/,2026-08-05 09:15:54.437692+00:00
Libertarianism for Beginners,19,Two,£51.33,Politics,https://books.toscrape.com/catalogue/libertarianism-for-beginners_982/index.html,https://books.toscrape.com/media/cache/0b/bc/0bbcd0a6f4bcd81ccb1049a52736406e.jpg,https://books.toscrape.com/,2026-08-05 09:15:54.763685+00:00
It's Only the Himalayas,19,Two,£45.17,Travel,https://books.toscrape.com/catalogue/its-only-the-himalayas_981/index.html,https://books.toscrape.com/media/cache/27/a5/27a53d0bb95bdd88288eaf66c9230d7e.jpg,https://books.toscrape.com/,2026-08-05 09:15:55.069836+00:00
In Her Wake,19,One,£12.84,Thriller,https://books.toscrape.com/catalogue/in-her-wake_980/index.html,https://books.toscrape.com/media/cache/5d/72/5d72709c6a7a9584a4d1cf07648bfce1.jpg,https://books.toscrape.com/,2026-08-05 09:15:56.533325+00:00
How Music Works,19,Two,£37.32,Music,https://books.toscrape.com/catalogue/how-music-works_979/index.html,https://books.toscrape.com/media/cache/5c/c8/5cc8e107246cb478960d4f0aba1e1c8e.jpg,https://books.toscrape.com/,2026-08-05 09:15:58.219527+00:00
"Foolproof Preserving: A Guide to Small Batch Jams, Jellies, Pickles, Condiments, and More: A Foolproof Guide to Making Small Batch Jams, Jellies, Pickles, Condiments, and More",19,Three,£30.52,Food and Drink,https://books.toscrape.com/catalogue/foolproof-preserving-a-guide-to-small-batch-jams-jellies-pickles-condiments-and-more-a-foolproof-guide-to-making-small-batch-jams-jellies-pickles-condiments-and-more_978/index.html,https://books.toscrape.com/media/cache/9f/59/9f59f01fa916a7bb8f0b28a4012179a4.jpg,https://books.toscrape.com/,2026-08-05 09:15:58.783767+00:00
Chase Me (Paris Nights #2),19,Five,£25.27,Romance,https://books.toscrape.com/catalogue/chase-me-paris-nights-2_977/index.html,https://books.toscrape.com/media/cache/9c/2e/9c2e0eb8866b8e3f3b768994fd3d1c1a.jpg,https://books.toscrape.com/,2026-08-05 09:15:59.260811+00:00
Black Dust,19,Five,£34.53,Romance,https://books.toscrape.com/catalogue/black-dust_976/index.html,https://books.toscrape.com/media/cache/44/cc/44ccc99c8f82c33d4f9d2afa4ef25787.jpg,https://books.toscrape.com/,2026-08-05 09:16:00.494008+00:00
Birdsong: A Story in Pictures,19,Three,£54.64,Childrens,https://books.toscrape.com/catalogue/birdsong-a-story-in-pictures_975/index.html,https://books.toscrape.com/media/cache/af/6e/af6e796160fe63e0cf19d44395c7ddf2.jpg,https://books.toscrape.com/,2026-08-05 09:16:00.807864+00:00
America's Cradle of Quarterbacks: Western Pennsylvania's Football Factory from Johnny Unitas to Joe Montana,19,Three,£22.50,Default,https://books.toscrape.com/catalogue/americas-cradle-of-quarterbacks-western-pennsylvanias-football-factory-from-johnny-unitas-to-joe-montana_974/index.html,https://books.toscrape.com/media/cache/ef/0b/ef0bed08de4e083dba5e20fdb98d9c36.jpg,https://books.toscrape.com/,2026-08-05 09:16:01.151701+00:00
Aladdin and His Wonderful Lamp,19,Three,£53.13,Default,https://books.toscrape.com/catalogue/aladdin-and-his-wonderful-lamp_973/index.html,https://books.toscrape.com/media/cache/d6/da/d6da0371958068bbaf39ea9c174275cd.jpg,https://books.toscrape.com/,2026-08-05 09:16:02.638392+00:00
Worlds Elsewhere: Journeys Around Shakespeare’s Globe,18,Five,£40.30,Nonfiction,https://books.toscrape.com/catalogue/worlds-elsewhere-journeys-around-shakespeares-globe_972/index.html,https://books.toscrape.com/media/cache/2e/98/2e98c332bf8563b584784971541c4445.jpg,https://books.toscrape.com/,2026-08-05 09:16:02.958107+00:00
Wall and Piece,18,Four,£44.18,Art,https://books.toscrape.com/catalogue/wall-and-piece_971/index.html,https://books.toscrape.com/media/cache/a5/41/a5416b9646aaa7287baa287ec2590270.jpg,https://books.toscrape.com/,2026-08-05 09:16:03.400836+00:00
The Four Agreements: A Practical Guide to Personal Freedom,18,Five,£17.66,Spirituality,https://books.toscrape.com/catalogue/the-four-agreements-a-practical-guide-to-personal-freedom_970/index.html,https://books.toscrape.com/media/cache/0f/7e/0f7ee69495c0df1d35723f012624a9f8.jpg,https://books.toscrape.com/,2026-08-05 09:16:03.841196+00:00
The Five Love Languages: How to Express Heartfelt Commitment to Your Mate,18,Three,£31.05,Nonfiction,https://books.toscrape.com/catalogue/the-five-love-languages-how-to-express-heartfelt-commitment-to-your-mate_969/index.html,https://books.toscrape.com/media/cache/38/c5/38c56fba316c07305643a8065269594e.jpg,https://books.toscrape.com/,2026-08-05 09:16:04.412960+00:00
The Elephant Tree,18,Five,£23.82,Thriller,https://books.toscrape.com/catalogue/the-elephant-tree_968/index.html,https://books.toscrape.com/media/cache/5d/7e/5d7ecde8e81513eba8a64c9fe000744b.jpg,https://books.toscrape.com/,2026-08-05 09:16:04.711707+00:00
The Bear and the Piano,18,One,£36.89,Childrens,https://books.toscrape.com/catalogue/the-bear-and-the-piano_967/index.html,https://books.toscrape.com/media/cache/cf/bb/cfbb5e62715c6d888fd07794c9bab5d6.jpg,https://books.toscrape.com/,2026-08-05 09:16:05.038873+00:00
Sophie's World,18,Five,£15.94,Philosophy,https://books.toscrape.com/catalogue/sophies-world_966/index.html,https://books.toscrape.com/media/cache/65/71/6571919836ec51ed54f0050c31d8a0cd.jpg,https://books.toscrape.com/,2026-08-05 09:16:05.350212+00:00
Penny Maybe,18,Three,£33.29,Default,https://books.toscrape.com/catalogue/penny-maybe_965/index.html,https://books.toscrape.com/media/cache/12/53/1253c21c5ef3c6d075c5fa3f5fecee6a.jpg,https://books.toscrape.com/,2026-08-05 09:16:05.795460+00:00
Maude (1883-1993):She Grew Up with the country,18,Two,£18.02,Default,https://books.toscrape.com/catalogue/maude-1883-1993she-grew-up-with-the-country_964/index.html,https://books.toscrape.com/media/cache/f5/88/f5889d038f5d8e949b494d147c2dcf54.jpg,https://books.toscrape.com/,2026-08-05 09:16:06.094139+00:00
"In a Dark, Dark Wood",18,One,£19.63,Mystery,https://books.toscrape.com/catalogue/in-a-dark-dark-wood_963/index.html,https://books.toscrape.com/media/cache/23/85/238570a1c284e730dbc737a7e631ae2b.jpg,https://books.toscrape.com/,2026-08-05 09:16:06.421566+00:00
Behind Closed Doors,18,Four,£52.22,Thriller,https://books.toscrape.com/catalogue/behind-closed-doors_962/index.html,https://books.toscrape.com/media/cache/e1/5c/e15c289ba58cea38519e1281e859f0c1.jpg,https://books.toscrape.com/,2026-08-05 09:16:06.880994+00:00
You can't bury them all: Poems,17,Two,£33.63,Poetry,https://books.toscrape.com/catalogue/you-cant-bury-them-all-poems_961/index.html,https://books.toscrape.com/media/cache/e9/20/e9203b733126c4a0832a1c7885dc27cf.jpg,https://books.toscrape.com/,2026-08-05 09:16:07.311254+00:00
Slow States of Collapse: Poems,17,Three,£57.31,Poetry,https://books.toscrape.com/catalogue/slow-states-of-collapse-poems_960/index.html,https://books.toscrape.com/media/cache/72/41/72417db983862010ef0c1a25de98c7d7.jpg,https://books.toscrape.com/,2026-08-05 09:16:08.364500+00:00
Reasons to Stay Alive,17,Two,£26.41,Nonfiction,https://books.toscrape.com/catalogue/reasons-to-stay-alive_959/index.html,https://books.toscrape.com/media/cache/cb/bd/cbbdb0222ee8a0f6ab61657412a15794.jpg,https://books.toscrape.com/,2026-08-05 09:16:08.678088+00:00
Private Paris (Private #10),17,Five,£47.61,Fiction,https://books.toscrape.com/catalogue/private-paris-private-10_958/index.html,https://books.toscrape.com/media/cache/9d/05/9d0533bae1578846d728a82913b95c26.jpg,https://books.toscrape.com/,2026-08-05 09:16:08.972663+00:00
#HigherSelfie: Wake Up Your Life. Free Your Soul. Find Your Tribe.,17,Five,£23.11,Nonfiction,https://books.toscrape.com/catalogue/higherselfie-wake-up-your-life-free-your-soul-find-your-tribe_957/index.html,https://books.toscrape.com/media/cache/9c/46/9c463c7631c82401160fd3b554b8f0e1.jpg,https://books.toscrape.com/,2026-08-05 09:16:09.414383+00:00
Without Borders (Wanderlove #1),16,Two,£45.07,New Adult,https://books.toscrape.com/catalogue/without-borders-wanderlove-1_956/index.html,https://books.toscrape.com/media/cache/24/e2/24e2f5c9d325c4004d8190c054da86dd.jpg,https://books.toscrape.com/,2026-08-05 09:16:09.743640+00:00
When We Collided,16,One,£31.77,Contemporary,https://books.toscrape.com/catalogue/when-we-collided_955/index.html,https://books.toscrape.com/media/cache/08/04/08044269fc197645268a6197c57e6173.jpg,https://books.toscrape.com/,2026-08-05 09:16:10.823701+00:00
"We Love You, Charlie Freeman",16,Five,£50.27,Fiction,https://books.toscrape.com/catalogue/we-love-you-charlie-freeman_954/index.html,https://books.toscrape.com/media/cache/5f/15/5f152afdbc42356ecba02f61058a7e5b.jpg,https://books.toscrape.com/,2026-08-05 09:16:11.718692+00:00
Untitled Collection: Sabbath Poems 2014,16,Four,£14.27,Poetry,https://books.toscrape.com/catalogue/untitled-collection-sabbath-poems-2014_953/index.html,https://books.toscrape.com/media/cache/f9/3b/f93b4a650f03a5d21f2436d7813f42c2.jpg,https://books.toscrape.com/,2026-08-05 09:16:12.720450+00:00
"Unseen City: The Majesty of Pigeons, the Discreet Charm of Snails & Other Wonders of the Urban Wilderness",16,Four,£44.18,Nonfiction,https://books.toscrape.com/catalogue/unseen-city-the-majesty-of-pigeons-the-discreet-charm-of-snails-other-wonders-of-the-urban-wilderness_952/index.html,https://books.toscrape.com/media/cache/41/a2/41a20f35adf0caea24f208dc01ad7681.jpg,https://books.toscrape.com/,2026-08-05 09:16:13.280477+00:00
Unicorn Tracks,16,Three,£18.78,Fantasy,https://books.toscrape.com/catalogue/unicorn-tracks_951/index.html,https://books.toscrape.com/media/cache/76/8e/768ea5924ac1ef6297c2be9959c796c2.jpg,https://books.toscrape.com/,2026-08-05 09:16:13.819689+00:00
"Unbound: How Eight Technologies Made Us Human, Transformed Society, and Brought Our World to the Brink",16,One,£25.52,History,https://books.toscrape.com/catalogue/unbound-how-eight-technologies-made-us-human-transformed-society-and-brought-our-world-to-the-brink_950/index.html,https://books.toscrape.com/media/cache/4a/3b/4a3b055f9e378a95fedbef55e7bab7ce.jpg,https://books.toscrape.com/,2026-08-05 09:16:14.880020+00:00
Tsubasa: WoRLD CHRoNiCLE 2 (Tsubasa WoRLD CHRoNiCLE #2),16,One,£16.28,Sequential Art,https://books.toscrape.com/catalogue/tsubasa-world-chronicle-2-tsubasa-world-chronicle-2_949/index.html,https://books.toscrape.com/media/cache/36/df/36df4caaf1420b1183a8235355d39e69.jpg,https://books.toscrape.com/,2026-08-05 09:16:15.695402+00:00
Throwing Rocks at the Google Bus: How Growth Became the Enemy of Prosperity,16,Three,£31.12,Nonfiction,https://books.toscrape.com/catalogue/throwing-rocks-at-the-google-bus-how-growth-became-the-enemy-of-prosperity_948/index.html,https://books.toscrape.com/media/cache/03/86/038650c9e7517b4baf2a423cd8eed38f.jpg,https://books.toscrape.com/,2026-08-05 09:16:16.471137+00:00
This One Summer,16,Four,£19.49,Sequential Art,https://books.toscrape.com/catalogue/this-one-summer_947/index.html,https://books.toscrape.com/media/cache/c4/dd/c4ddd9ced89966b0602ec85e00cd5b61.jpg,https://books.toscrape.com/,2026-08-05 09:16:16.887111+00:00
Thirst,16,Five,£17.27,Fiction,https://books.toscrape.com/catalogue/thirst_946/index.html,https://books.toscrape.com/media/cache/c4/0a/c40a64f59e7487b1a80a049f6ceb2ba5.jpg,https://books.toscrape.com/,2026-08-05 09:16:17.308876+00:00
The Torch Is Passed: A Harding Family Story,16,One,£19.09,Add a comment,https://books.toscrape.com/catalogue/the-torch-is-passed-a-harding-family-story_945/index.html,https://books.toscrape.com/media/cache/33/e5/33e507172541628acfd421503196b578.jpg,https://books.toscrape.com/,2026-08-05 09:16:17.594918+00:00
The Secret of Dreadwillow Carse,16,One,£56.13,Childrens,https://books.toscrape.com/catalogue/the-secret-of-dreadwillow-carse_944/index.html,https://books.toscrape.com/media/cache/c4/a2/c4a2a1a026c67bcceb5a411c724d7d0c.jpg,https://books.toscrape.com/,2026-08-05 09:16:18.293340+00:00
"The Pioneer Woman Cooks: Dinnertime: Comfort Classics, Freezer Food, 16-Minute Meals, and Other Delicious Ways to Solve Supper!",16,One,£56.41,Food and Drink,https://books.toscrape.com/catalogue/the-pioneer-woman-cooks-dinnertime-comfort-classics-freezer-food-16-minute-meals-and-other-delicious-ways-to-solve-supper_943/index.html,https://books.toscrape.com/media/cache/b7/f4/b7f4843dbe062d44be1ffcfa16b2faa4.jpg,https://books.toscrape.com/,2026-08-05 09:16:18.814703+00:00
The Past Never Ends,16,Four,£56.50,Mystery,https://books.toscrape.com/catalogue/the-past-never-ends_942/index.html,https://books.toscrape.com/media/cache/89/b8/89b850edb01851a91f64ba114b96acb6.jpg,https://books.toscrape.com/,2026-08-05 09:16:19.244383+00:00
The Natural History of Us (The Fine Art of Pretending #2),16,Three,£45.22,Young Adult,https://books.toscrape.com/catalogue/the-natural-history-of-us-the-fine-art-of-pretending-2_941/index.html,https://books.toscrape.com/media/cache/5d/7f/5d7f496cdf5e5962a73ecdcc1505c1d5.jpg,https://books.toscrape.com/,2026-08-05 09:16:19.659428+00:00
The Nameless City (The Nameless City #1),16,Four,£38.16,Sequential Art,https://books.toscrape.com/catalogue/the-nameless-city-the-nameless-city-1_940/index.html,https://books.toscrape.com/media/cache/f4/79/f479de5f305c2ac0512702cf7155bb74.jpg,https://books.toscrape.com/,2026-08-05 09:16:21.192669+00:00
The Murder That Never Was (Forensic Instincts #5),16,Three,£54.11,Fiction,https://books.toscrape.com/catalogue/the-murder-that-never-was-forensic-instincts-5_939/index.html,https://books.toscrape.com/media/cache/dc/44/dc44f8e2aebac48ca8553814d9b021a8.jpg,https://books.toscrape.com/,2026-08-05 09:16:21.751205+00:00
The Most Perfect Thing: Inside (and Outside) a Bird's Egg,16,Four,£42.96,Science,https://books.toscrape.com/catalogue/the-most-perfect-thing-inside-and-outside-a-birds-egg_938/index.html,https://books.toscrape.com/media/cache/d4/8d/d48d5122a15347e9fe2b15ad354d69bf.jpg,https://books.toscrape.com/,2026-08-05 09:16:22.062380+00:00
"The Mindfulness and Acceptance Workbook for Anxiety: A Guide to Breaking Free from Anxiety, Phobias, and Worry Using Acceptance and Commitment Therapy",16,Four,£23.89,Add a comment,https://books.toscrape.com/catalogue/the-mindfulness-and-acceptance-workbook-for-anxiety-a-guide-to-breaking-free-from-anxiety-phobias-and-worry-using-acceptance-and-commitment-therapy_937/index.html,https://books.toscrape.com/media/cache/f8/6d/f86d08178e3788563ac17be5aefd29f0.jpg,https://books.toscrape.com/,2026-08-05 09:16:22.626300+00:00
The Life-Changing Magic of Tidying Up: The Japanese Art of Decluttering and Organizing,16,Three,£16.77,Nonfiction,https://books.toscrape.com/catalogue/the-life-changing-magic-of-tidying-up-the-japanese-art-of-decluttering-and-organizing_936/index.html,https://books.toscrape.com/media/cache/95/64/95647d6a526bf54120b9445e124794e1.jpg,https://books.toscrape.com/,2026-08-05 09:16:23.050398+00:00
"The Inefficiency Assassin: Time Management Tactics for Working Smarter, Not Longer",16,Five,£20.59,Default,https://books.toscrape.com/catalogue/the-inefficiency-assassin-time-management-tactics-for-working-smarter-not-longer_935/index.html,https://books.toscrape.com/media/cache/75/dc/75dce2f5949b407161f37f0af249b018.jpg,https://books.toscrape.com/,2026-08-05 09:16:23.348001+00:00
The Gutsy Girl: Escapades for Your Life of Epic Adventure,16,One,£37.13,Nonfiction,https://books.toscrape.com/catalogue/the-gutsy-girl-escapades-for-your-life-of-epic-adventure_934/index.html,https://books.toscrape.com/media/cache/64/15/641570cd7e7aded53c7d33d78a9629f1.jpg,https://books.toscrape.com/,2026-08-05 09:16:23.757656+00:00
The Electric Pencil: Drawings from Inside State Hospital No. 3,16,One,£56.06,Nonfiction,https://books.toscrape.com/catalogue/the-electric-pencil-drawings-from-inside-state-hospital-no-3_933/index.html,https://books.toscrape.com/media/cache/2e/23/2e236e23ad52aa74505f224f6552eda8.jpg,https://books.toscrape.com/,2026-08-05 09:16:24.179111+00:00
The Death of Humanity: and the Case for Life,16,Four,£58.11,Philosophy,https://books.toscrape.com/catalogue/the-death-of-humanity-and-the-case-for-life_932/index.html,https://books.toscrape.com/media/cache/71/df/71df730cf38c232ee58a2e407135f055.jpg,https://books.toscrape.com/,2026-08-05 09:16:24.595203+00:00
"The Bulletproof Diet: Lose up to a Pound a Day, Reclaim Energy and Focus, Upgrade Your Life",16,Three,£49.05,Health,https://books.toscrape.com/catalogue/the-bulletproof-diet-lose-up-to-a-pound-a-day-reclaim-energy-and-focus-upgrade-your-life_931/index.html,https://books.toscrape.com/media/cache/ee/3e/ee3e219d23e73ba71c79b700f183aaed.jpg,https://books.toscrape.com/,2026-08-05 09:16:25.016164+00:00
The Art Forger,16,Three,£40.76,Add a comment,https://books.toscrape.com/catalogue/the-art-forger_930/index.html,https://books.toscrape.com/media/cache/70/fa/70fa6c0437d9c97dbeada6bd32bf9d2c.jpg,https://books.toscrape.com/,2026-08-05 09:16:25.567340+00:00
The Age of Genius: The Seventeenth Century and the Birth of the Modern Mind,16,One,£19.73,History,https://books.toscrape.com/catalogue/the-age-of-genius-the-seventeenth-century-and-the-birth-of-the-modern-mind_929/index.html,https://books.toscrape.com/media/cache/2d/4e/2d4e358712e6c9f1d3bdd78d1a16e5a8.jpg,https://books.toscrape.com/,2026-08-05 09:16:25.977552+00:00
The Activist's Tao Te Ching: Ancient Advice for a Modern Revolution,16,Five,£32.24,Spirituality,https://books.toscrape.com/catalogue/the-activists-tao-te-ching-ancient-advice-for-a-modern-revolution_928/index.html,https://books.toscrape.com/media/cache/96/db/96db61bb53930c560fb4c1c62b583816.jpg,https://books.toscrape.com/,2026-08-05 09:16:26.286518+00:00
Spark Joy: An Illustrated Master Class on the Art of Organizing and Tidying Up,16,Four,£41.83,Nonfiction,https://books.toscrape.com/catalogue/spark-joy-an-illustrated-master-class-on-the-art-of-organizing-and-tidying-up_927/index.html,https://books.toscrape.com/media/cache/f3/4f/f34ffb24cc21c9f9f52dad4fd8f3ac21.jpg,https://books.toscrape.com/,2026-08-05 09:16:26.603236+00:00
Soul Reader,16,Two,£39.58,Default,https://books.toscrape.com/catalogue/soul-reader_926/index.html,https://books.toscrape.com/media/cache/69/85/69852567cf97264a1442cbc882c84903.jpg,https://books.toscrape.com/,2026-08-05 09:16:26.906154+00:00
Security,16,Two,£39.25,Horror,https://books.toscrape.com/catalogue/security_925/index.html,https://books.toscrape.com/media/cache/da/df/dadfac66a89774b46b10225362724c83.jpg,https://books.toscrape.com/,2026-08-05 09:16:27.212055+00:00
"Saga, Volume 6 (Saga (Collected Editions) #6)",16,Three,£25.02,Fantasy,https://books.toscrape.com/catalogue/saga-volume-6-saga-collected-editions-6_924/index.html,https://books.toscrape.com/media/cache/43/ae/43aee83ebb31e2122a7215e413770e5c.jpg,https://books.toscrape.com/,2026-08-05 09:16:27.658990+00:00
"Saga, Volume 5 (Saga (Collected Editions) #5)",16,Two,£51.04,Sequential Art,https://books.toscrape.com/catalogue/saga-volume-5-saga-collected-editions-5_923/index.html,https://books.toscrape.com/media/cache/e1/ea/e1ea6cb36e62ae6dc7b805f68ab9a700.jpg,https://books.toscrape.com/,2026-08-05 09:16:27.975459+00:00
Reskilling America: Learning to Labor in the Twenty-First Century,16,Two,£19.83,Nonfiction,https://books.toscrape.com/catalogue/reskilling-america-learning-to-labor-in-the-twenty-first-century_922/index.html,https://books.toscrape.com/media/cache/97/f8/97f8debeeaaece9603267653076e760f.jpg,https://books.toscrape.com/,2026-08-05 09:16:28.290194+00:00
"Rat Queens, Vol. 3: Demons (Rat Queens (Collected Editions) #11-15)",16,Three,£50.40,Sequential Art,https://books.toscrape.com/catalogue/rat-queens-vol-3-demons-rat-queens-collected-editions-11-15_921/index.html,https://books.toscrape.com/media/cache/f3/ef/f3efd43ae0fa85d9b325d5e8783e7af5.jpg,https://books.toscrape.com/,2026-08-05 09:16:28.584914+00:00
"Princess Jellyfish 2-in-1 Omnibus, Vol. 01 (Princess Jellyfish 2-in-1 Omnibus #1)",16,Five,£13.61,Sequential Art,https://books.toscrape.com/catalogue/princess-jellyfish-2-in-1-omnibus-vol-01-princess-jellyfish-2-in-1-omnibus-1_920/index.html,https://books.toscrape.com/media/cache/78/0b/780b2c28122750c2c383846155815bf7.jpg,https://books.toscrape.com/,2026-08-05 09:16:29.514044+00:00
Princess Between Worlds (Wide-Awake Princess #5),16,Five,£13.34,Fantasy,https://books.toscrape.com/catalogue/princess-between-worlds-wide-awake-princess-5_919/index.html,https://books.toscrape.com/media/cache/b7/e8/b7e84b78be3d9bb79b71156a5e5d4e42.jpg,https://books.toscrape.com/,2026-08-05 09:16:29.834893+00:00
"Pop Gun War, Volume 1: Gift",16,One,£18.97,Sequential Art,https://books.toscrape.com/catalogue/pop-gun-war-volume-1-gift_918/index.html,https://books.toscrape.com/media/cache/c8/2f/c82f629a31b3f47bdb17ac14aa51076d.jpg,https://books.toscrape.com/,2026-08-05 09:16:30.137598+00:00
"Political Suicide: Missteps, Peccadilloes, Bad Calls, Backroom Hijinx, Sordid Pasts, Rotten Breaks, and Just Plain Dumb Mistakes in the Annals of American Politics",16,Two,£36.28,History,https://books.toscrape.com/catalogue/political-suicide-missteps-peccadilloes-bad-calls-backroom-hijinx-sordid-pasts-rotten-breaks-and-just-plain-dumb-mistakes-in-the-annals-of-american-politics_917/index.html,https://books.toscrape.com/media/cache/64/44/6444dacdcb9edaadbbd691524622aeb8.jpg,https://books.toscrape.com/,2026-08-05 09:16:30.434635+00:00
Patience,16,Three,£10.16,Sequential Art,https://books.toscrape.com/catalogue/patience_916/index.html,https://books.toscrape.com/media/cache/01/72/01726c619a05114dca75bd840095016d.jpg,https://books.toscrape.com/,2026-08-05 09:16:30.762794+00:00
"Outcast, Vol. 1: A Darkness Surrounds Him (Outcast #1)",16,Four,£15.44,Sequential Art,https://books.toscrape.com/catalogue/outcast-vol-1-a-darkness-surrounds-him-outcast-1_915/index.html,https://books.toscrape.com/media/cache/cb/00/cb004189f548d75ad430d3ed19e6daa9.jpg,https://books.toscrape.com/,2026-08-05 09:16:31.075637+00:00
orange: The Complete Collection 1 (orange: The Complete Collection #1),16,One,£48.41,Sequential Art,https://books.toscrape.com/catalogue/orange-the-complete-collection-1-orange-the-complete-collection-1_914/index.html,https://books.toscrape.com/media/cache/03/88/03886a8502ca54dbce0d91c2568ab69d.jpg,https://books.toscrape.com/,2026-08-05 09:16:31.379168+00:00
Online Marketing for Busy Authors: A Step-By-Step Guide,16,One,£46.35,Self Help,https://books.toscrape.com/catalogue/online-marketing-for-busy-authors-a-step-by-step-guide_913/index.html,https://books.toscrape.com/media/cache/ea/9b/ea9b2cb8abbb317402e618445bade1e1.jpg,https://books.toscrape.com/,2026-08-05 09:16:31.690901+00:00
On a Midnight Clear,16,Three,£14.07,Add a comment,https://books.toscrape.com/catalogue/on-a-midnight-clear_912/index.html,https://books.toscrape.com/media/cache/a1/14/a114d70e7babf110ba42a389078e9a45.jpg,https://books.toscrape.com/,2026-08-05 09:16:32.021822+00:00
Obsidian (Lux #1),16,Two,£14.86,Young Adult,https://books.toscrape.com/catalogue/obsidian-lux-1_911/index.html,https://books.toscrape.com/media/cache/fc/72/fc72f158554b4b4164701e1dfa1153c7.jpg,https://books.toscrape.com/,2026-08-05 09:16:32.312756+00:00
My Paris Kitchen: Recipes and Stories,16,Two,£33.37,Food and Drink,https://books.toscrape.com/catalogue/my-paris-kitchen-recipes-and-stories_910/index.html,https://books.toscrape.com/media/cache/f5/65/f565af3d9dd20a1ad72a1e7c4157387d.jpg,https://books.toscrape.com/,2026-08-05 09:16:32.627186+00:00
Masks and Shadows,16,Two,£56.40,Fantasy,https://books.toscrape.com/catalogue/masks-and-shadows_909/index.html,https://books.toscrape.com/media/cache/ff/e8/ffe81bf98f8386ef29e193abfb6f9c1e.jpg,https://books.toscrape.com/,2026-08-05 09:16:32.928638+00:00
"Mama Tried: Traditional Italian Cooking for the Screwed, Crude, Vegan, and Tattooed",16,Four,£14.02,Food and Drink,https://books.toscrape.com/catalogue/mama-tried-traditional-italian-cooking-for-the-screwed-crude-vegan-and-tattooed_908/index.html,https://books.toscrape.com/media/cache/10/c6/10c61093002db1fec4089d8076678624.jpg,https://books.toscrape.com/,2026-08-05 09:16:33.251314+00:00
"Lumberjanes, Vol. 2: Friendship to the Max (Lumberjanes #5-8)",16,Two,£46.91,Sequential Art,https://books.toscrape.com/catalogue/lumberjanes-vol-2-friendship-to-the-max-lumberjanes-5-8_907/index.html,https://books.toscrape.com/media/cache/d3/15/d3158e8d3546fb90cced3c1d44a92a34.jpg,https://books.toscrape.com/,2026-08-05 09:16:33.579347+00:00
"Lumberjanes, Vol. 1: Beware the Kitten Holy (Lumberjanes #1-4)",16,Three,£45.61,Sequential Art,https://books.toscrape.com/catalogue/lumberjanes-vol-1-beware-the-kitten-holy-lumberjanes-1-4_906/index.html,https://books.toscrape.com/media/cache/7e/a0/7ea062007ef00107e3c16d336b41fab2.jpg,https://books.toscrape.com/,2026-08-05 09:16:33.927041+00:00
Lumberjanes Vol. 3: A Terrible Plan (Lumberjanes #9-12),16,Two,£19.92,Sequential Art,https://books.toscrape.com/catalogue/lumberjanes-vol-3-a-terrible-plan-lumberjanes-9-12_905/index.html,https://books.toscrape.com/media/cache/5f/b1/5fb1bf88dcfda795606745ce35be5975.jpg,https://books.toscrape.com/,2026-08-05 09:16:34.358921+00:00
"Layered: Baking, Building, and Styling Spectacular Cakes",16,One,£40.11,Food and Drink,https://books.toscrape.com/catalogue/layered-baking-building-and-styling-spectacular-cakes_904/index.html,https://books.toscrape.com/media/cache/98/d1/98d1c979c4bac9e147a6718946578b0f.jpg,https://books.toscrape.com/,2026-08-05 09:16:34.796171+00:00
Judo: Seven Steps to Black Belt (an Introductory Guide for Beginners),16,Two,£53.90,Add a comment,https://books.toscrape.com/catalogue/judo-seven-steps-to-black-belt-an-introductory-guide-for-beginners_903/index.html,https://books.toscrape.com/media/cache/5f/52/5f52b1bc6d45daab2e330c744feb0359.jpg,https://books.toscrape.com/,2026-08-05 09:16:35.127492+00:00
Join,16,Five,£35.67,Science Fiction,https://books.toscrape.com/catalogue/join_902/index.html,https://books.toscrape.com/media/cache/93/63/9363f0065fbad5689f44fcf6e203eef3.jpg,https://books.toscrape.com/,2026-08-05 09:16:36.756495+00:00
In the Country We Love: My Family Divided,16,Four,£22.00,Nonfiction,https://books.toscrape.com/catalogue/in-the-country-we-love-my-family-divided_901/index.html,https://books.toscrape.com/media/cache/fe/ea/feeafd2ad7b3077f8e74cbb1da9e3c7d.jpg,https://books.toscrape.com/,2026-08-05 09:16:37.329919+00:00
Immunity: How Elie Metchnikoff Changed the Course of Modern Medicine,16,Five,£57.36,Science,https://books.toscrape.com/catalogue/immunity-how-elie-metchnikoff-changed-the-course-of-modern-medicine_900/index.html,https://books.toscrape.com/media/cache/26/1c/261c4eaf957ae4aacf2229b482e76dbe.jpg,https://books.toscrape.com/,2026-08-05 09:16:38.467955+00:00
"I Hate Fairyland, Vol. 1: Madly Ever After (I Hate Fairyland (Compilations) #1-5)",16,Two,£29.17,Sequential Art,https://books.toscrape.com/catalogue/i-hate-fairyland-vol-1-madly-ever-after-i-hate-fairyland-compilations-1-5_899/index.html,https://books.toscrape.com/media/cache/aa/74/aa74004807e97a79aa084b5db329a99b.jpg,https://books.toscrape.com/,2026-08-05 09:16:38.896384+00:00
I am a Hero Omnibus Volume 1,16,Three,£54.63,Sequential Art,https://books.toscrape.com/catalogue/i-am-a-hero-omnibus-volume-1_898/index.html,https://books.toscrape.com/media/cache/16/d4/16d443437126bf6d536a89312c1995a5.jpg,https://books.toscrape.com/,2026-08-05 09:16:39.329687+00:00
How to Be Miserable: 40 Strategies You Already Use,16,One,£46.03,Self Help,https://books.toscrape.com/catalogue/how-to-be-miserable-40-strategies-you-already-use_897/index.html,https://books.toscrape.com/media/cache/da/8b/da8bc9b824dd3f446ef63e438ddbfc85.jpg,https://books.toscrape.com/,2026-08-05 09:16:39.750704+00:00
Her Backup Boyfriend (The Sorensen Family #1),16,One,£33.97,Romance,https://books.toscrape.com/catalogue/her-backup-boyfriend-the-sorensen-family-1_896/index.html,https://books.toscrape.com/media/cache/1e/bb/1ebbbc3e2d3249b111033cfc40763b0b.jpg,https://books.toscrape.com/,2026-08-05 09:16:40.068275+00:00
"Giant Days, Vol. 2 (Giant Days #5-8)",16,Two,£22.11,Sequential Art,https://books.toscrape.com/catalogue/giant-days-vol-2-giant-days-5-8_895/index.html,https://books.toscrape.com/media/cache/90/6f/906f0168b0e155a7077625499b1737b5.jpg,https://books.toscrape.com/,2026-08-05 09:16:40.500604+00:00
Forever and Forever: The Courtship of Henry Longfellow and Fanny Appleton,16,Three,£29.69,Historical Fiction,https://books.toscrape.com/catalogue/forever-and-forever-the-courtship-of-henry-longfellow-and-fanny-appleton_894/index.html,https://books.toscrape.com/media/cache/d6/58/d658a1485b130ff26ca5fb0d5975ed2e.jpg,https://books.toscrape.com/,2026-08-05 09:16:40.808742+00:00
First and First (Five Boroughs #3),16,Four,£15.97,Romance,https://books.toscrape.com/catalogue/first-and-first-five-boroughs-3_893/index.html,https://books.toscrape.com/media/cache/c4/d1/c4d1517cc9370e292366b6132ca9ca36.jpg,https://books.toscrape.com/,2026-08-05 09:16:41.259135+00:00
Fifty Shades Darker (Fifty Shades #2),16,One,£21.96,Romance,https://books.toscrape.com/catalogue/fifty-shades-darker-fifty-shades-2_892/index.html,https://books.toscrape.com/media/cache/cc/bd/ccbdae9e29b3594301528fa2c876ec29.jpg,https://books.toscrape.com/,2026-08-05 09:16:41.573283+00:00
Everydata: The Misinformation Hidden in the Little Data You Consume Every Day,16,Two,£54.35,Nonfiction,https://books.toscrape.com/catalogue/everydata-the-misinformation-hidden-in-the-little-data-you-consume-every-day_891/index.html,https://books.toscrape.com/media/cache/64/94/6494bf61176ca73b61255909230030be.jpg,https://books.toscrape.com/,2026-08-05 09:16:41.984393+00:00
"Don't Be a Jerk: And Other Practical Advice from Dogen, Japan's Greatest Zen Master",16,Two,£37.97,Religion,https://books.toscrape.com/catalogue/dont-be-a-jerk-and-other-practical-advice-from-dogen-japans-greatest-zen-master_890/index.html,https://books.toscrape.com/media/cache/95/30/953013d044aa313cc162dec414f3969a.jpg,https://books.toscrape.com/,2026-08-05 09:16:42.299432+00:00
Danganronpa Volume 1,16,Four,£51.99,Sequential Art,https://books.toscrape.com/catalogue/danganronpa-volume-1_889/index.html,https://books.toscrape.com/media/cache/78/97/7897eea91c4a85aca58d925861d4afec.jpg,https://books.toscrape.com/,2026-08-05 09:16:42.884368+00:00
Crown of Midnight (Throne of Glass #2),16,Three,£43.29,Fantasy,https://books.toscrape.com/catalogue/crown-of-midnight-throne-of-glass-2_888/index.html,https://books.toscrape.com/media/cache/66/25/6625e3bbb050de3e42a0c302c0d69f1f.jpg,https://books.toscrape.com/,2026-08-05 09:16:43.190315+00:00
"Codename Baboushka, Volume 1: The Conclave of Death",16,Four,£36.72,Sequential Art,https://books.toscrape.com/catalogue/codename-baboushka-volume-1-the-conclave-of-death_887/index.html,https://books.toscrape.com/media/cache/f6/88/f688a9d6a89fdf38e4e88439ee9eda69.jpg,https://books.toscrape.com/,2026-08-05 09:16:43.604199+00:00
Camp Midnight,16,Four,£17.08,Sequential Art,https://books.toscrape.com/catalogue/camp-midnight_886/index.html,https://books.toscrape.com/media/cache/dd/c9/ddc95df6754df8e71bf969c088056188.jpg,https://books.toscrape.com/,2026-08-05 09:16:43.918283+00:00
Call the Nurse: True Stories of a Country Nurse on a Scottish Isle,16,Five,£29.14,Nonfiction,https://books.toscrape.com/catalogue/call-the-nurse-true-stories-of-a-country-nurse-on-a-scottish-isle_885/index.html,https://books.toscrape.com/media/cache/88/9e/889e0bac4c7c0e7178f0165b8d3b4617.jpg,https://books.toscrape.com/,2026-08-05 09:16:44.329700+00:00
Burning,16,Three,£28.81,Young Adult,https://books.toscrape.com/catalogue/burning_884/index.html,https://books.toscrape.com/media/cache/26/95/269507c7bb35d2cec9b61a03d1c28e67.jpg,https://books.toscrape.com/,2026-08-05 09:16:44.751005+00:00
Bossypants,16,Two,£49.46,Default,https://books.toscrape.com/catalogue/bossypants_883/index.html,https://books.toscrape.com/media/cache/27/d2/27d20361745ec2f7be668b18a4da29da.jpg,https://books.toscrape.com/,2026-08-05 09:16:45.160062+00:00
"Bitch Planet, Vol. 1: Extraordinary Machine (Bitch Planet (Collected Editions))",16,Two,£37.92,Sequential Art,https://books.toscrape.com/catalogue/bitch-planet-vol-1-extraordinary-machine-bitch-planet-collected-editions_882/index.html,https://books.toscrape.com/media/cache/e4/1d/e41d34204a1fffbf825d8beb3dbf4cbc.jpg,https://books.toscrape.com/,2026-08-05 09:16:45.462363+00:00
"Avatar: The Last Airbender: Smoke and Shadow, Part 3 (Smoke and Shadow #3)",16,Two,£28.09,Fantasy,https://books.toscrape.com/catalogue/avatar-the-last-airbender-smoke-and-shadow-part-3-smoke-and-shadow-3_881/index.html,https://books.toscrape.com/media/cache/06/18/061811c5845d0e13bc04b2a755f0830f.jpg,https://books.toscrape.com/,2026-08-05 09:16:46.035377+00:00
Algorithms to Live By: The Computer Science of Human Decisions,16,One,£30.81,Nonfiction,https://books.toscrape.com/catalogue/algorithms-to-live-by-the-computer-science-of-human-decisions_880/index.html,https://books.toscrape.com/media/cache/23/b4/23b42e094c02d52b14b11a960d49610e.jpg,https://books.toscrape.com/,2026-08-05 09:16:46.967595+00:00
A World of Flavor: Your Gluten Free Passport,16,One,£42.95,Default,https://books.toscrape.com/catalogue/a-world-of-flavor-your-gluten-free-passport_879/index.html,https://books.toscrape.com/media/cache/78/2e/782e315667ec50759b8603527ee33dec.jpg,https://books.toscrape.com/,2026-08-05 09:16:47.272251+00:00
"A Piece of Sky, a Grain of Rice: A Memoir in Four Meditations",16,Five,£56.76,Default,https://books.toscrape.com/catalogue/a-piece-of-sky-a-grain-of-rice-a-memoir-in-four-meditations_878/index.html,https://books.toscrape.com/media/cache/08/89/088995e862aac86c88c608d763f6390e.jpg,https://books.toscrape.com/,2026-08-05 09:16:47.572720+00:00
A Murder in Time,16,One,£16.64,Mystery,https://books.toscrape.com/catalogue/a-murder-in-time_877/index.html,https://books.toscrape.com/media/cache/11/aa/11aaad48b5f15e262456ca65294084da.jpg,https://books.toscrape.com/,2026-08-05 09:16:47.877886+00:00
A Flight of Arrows (The Pathfinders #2),16,Five,£55.53,Historical Fiction,https://books.toscrape.com/catalogue/a-flight-of-arrows-the-pathfinders-2_876/index.html,https://books.toscrape.com/media/cache/82/96/8296f92b70fb1dafefecda92c1d51941.jpg,https://books.toscrape.com/,2026-08-05 09:16:48.182236+00:00
A Fierce and Subtle Poison,16,Four,£28.13,Young Adult,https://books.toscrape.com/catalogue/a-fierce-and-subtle-poison_875/index.html,https://books.toscrape.com/media/cache/12/f1/12f1963957f27fa83d51f76b183ef490.jpg,https://books.toscrape.com/,2026-08-05 09:16:48.488573+00:00
A Court of Thorns and Roses (A Court of Thorns and Roses #1),16,One,£52.37,Fantasy,https://books.toscrape.com/catalogue/a-court-of-thorns-and-roses-a-court-of-thorns-and-roses-1_874/index.html,https://books.toscrape.com/media/cache/c0/88/c08816960890396213a423941af65b8f.jpg,https://books.toscrape.com/,2026-08-05 09:16:48.913549+00:00
(Un)Qualified: How God Uses Broken People to Do Big Things,16,Five,£54.00,Christian,https://books.toscrape.com/catalogue/unqualified-how-god-uses-broken-people-to-do-big-things_873/index.html,https://books.toscrape.com/media/cache/cd/db/cddb3eb483ef11a088d519205b7098fb.jpg,https://books.toscrape.com/,2026-08-05 09:16:49.344638+00:00
You Are What You Love: The Spiritual Power of Habit,15,Four,£21.87,Religion,https://books.toscrape.com/catalogue/you-are-what-you-love-the-spiritual-power-of-habit_872/index.html,https://books.toscrape.com/media/cache/6b/70/6b70f2cdb17d9ab7551240a88b9211fe.jpg,https://books.toscrape.com/,2026-08-05 09:16:49.797558+00:00
"William Shakespeare's Star Wars: Verily, A New Hope (William Shakespeare's Star Wars #4)",15,Four,£43.30,Science Fiction,https://books.toscrape.com/catalogue/william-shakespeares-star-wars-verily-a-new-hope-william-shakespeares-star-wars-4_871/index.html,https://books.toscrape.com/media/cache/02/37/0237b445efc18c5562355a5a2c40889c.jpg,https://books.toscrape.com/,2026-08-05 09:16:50.110225+00:00
Tuesday Nights in 1980,15,Two,£21.04,Fiction,https://books.toscrape.com/catalogue/tuesday-nights-in-1980_870/index.html,https://books.toscrape.com/media/cache/6b/da/6bdae061cb92c32b0b83cda8dd10275d.jpg,https://books.toscrape.com/,2026-08-05 09:16:50.528027+00:00
Tracing Numbers on a Train,15,Three,£41.60,Default,https://books.toscrape.com/catalogue/tracing-numbers-on-a-train_869/index.html,https://books.toscrape.com/media/cache/06/a6/06a6cfcf89afd1601cbba1a16cda57fb.jpg,https://books.toscrape.com/,2026-08-05 09:16:50.958338+00:00
Throne of Glass (Throne of Glass #1),15,Three,£35.07,Fantasy,https://books.toscrape.com/catalogue/throne-of-glass-throne-of-glass-1_868/index.html,https://books.toscrape.com/media/cache/32/d6/32d6aa560e8ddf2a4da1526b95d4c7ab.jpg,https://books.toscrape.com/,2026-08-05 09:16:51.396897+00:00
Thomas Jefferson and the Tripoli Pirates: The Forgotten War That Changed American History,15,One,£59.64,History,https://books.toscrape.com/catalogue/thomas-jefferson-and-the-tripoli-pirates-the-forgotten-war-that-changed-american-history_867/index.html,https://books.toscrape.com/media/cache/97/47/974709d437b08e74649b5744471bf472.jpg,https://books.toscrape.com/,2026-08-05 09:16:51.722616+00:00
Thirteen Reasons Why,15,One,£52.72,Default,https://books.toscrape.com/catalogue/thirteen-reasons-why_866/index.html,https://books.toscrape.com/media/cache/8a/83/8a83b6ce350f01bab21f85e6ba539316.jpg,https://books.toscrape.com/,2026-08-05 09:16:52.152242+00:00
The White Cat and the Monk: A Retelling of the Poem “Pangur Bán”,15,Four,£58.08,Childrens,https://books.toscrape.com/catalogue/the-white-cat-and-the-monk-a-retelling-of-the-poem-pangur-ban_865/index.html,https://books.toscrape.com/media/cache/26/32/2632a1e12f2c085fabbe022ae4cd6933.jpg,https://books.toscrape.com/,2026-08-05 09:16:52.579760+00:00
The Wedding Dress,15,One,£24.12,Romance,https://books.toscrape.com/catalogue/the-wedding-dress_864/index.html,https://books.toscrape.com/media/cache/28/99/28992d89f4abf54fba183fc8d074adf3.jpg,https://books.toscrape.com/,2026-08-05 09:16:53.007223+00:00
The Vacationers,15,Four,£42.15,Fiction,https://books.toscrape.com/catalogue/the-vacationers_863/index.html,https://books.toscrape.com/media/cache/37/25/372578cc073efae80cf284b56040a488.jpg,https://books.toscrape.com/,2026-08-05 09:16:53.301021+00:00
The Third Wave: An Entrepreneur’s Vision of the Future,15,Five,£12.61,Business,https://books.toscrape.com/catalogue/the-third-wave-an-entrepreneurs-vision-of-the-future_862/index.html,https://books.toscrape.com/media/cache/d0/77/d077a30042df6b916bfc8d257345c69e.jpg,https://books.toscrape.com/,2026-08-05 09:16:53.614991+00:00
The Stranger,15,Four,£17.44,Philosophy,https://books.toscrape.com/catalogue/the-stranger_861/index.html,https://books.toscrape.com/media/cache/ea/04/ea0476a6f4c318ceccf5e2f2b39f2b15.jpg,https://books.toscrape.com/,2026-08-05 09:16:54.052473+00:00
The Shadow Hero (The Shadow Hero),15,One,£33.14,Sequential Art,https://books.toscrape.com/catalogue/the-shadow-hero-the-shadow-hero_860/index.html,https://books.toscrape.com/media/cache/1f/62/1f621dda1b302fc16d83d94b0b5ac31c.jpg,https://books.toscrape.com/,2026-08-05 09:16:54.828682+00:00
The Secret (The Secret #1),15,Four,£27.37,Default,https://books.toscrape.com/catalogue/the-secret-the-secret-1_859/index.html,https://books.toscrape.com/media/cache/4e/0f/4e0f05ae01d8fb6bd0d3901edd06de16.jpg,https://books.toscrape.com/,2026-08-05 09:16:55.146038+00:00
The Regional Office Is Under Attack!,15,Five,£51.36,Fiction,https://books.toscrape.com/catalogue/the-regional-office-is-under-attack_858/index.html,https://books.toscrape.com/media/cache/f8/31/f8314c7fdaa79fb7191a583e9a852db8.jpg,https://books.toscrape.com/,2026-08-05 09:16:55.443234+00:00
The Psychopath Test: A Journey Through the Madness Industry,15,Two,£36.00,Default,https://books.toscrape.com/catalogue/the-psychopath-test-a-journey-through-the-madness-industry_857/index.html,https://books.toscrape.com/media/cache/34/f5/34f5f8e513c5f048241f5695e61b2483.jpg,https://books.toscrape.com/,2026-08-05 09:16:55.763942+00:00
The Project,15,One,£10.65,Science Fiction,https://books.toscrape.com/catalogue/the-project_856/index.html,https://books.toscrape.com/media/cache/10/6e/106e2fc7160712edf8e2ff996dc8cd6c.jpg,https://books.toscrape.com/,2026-08-05 09:16:56.069094+00:00
The Power of Now: A Guide to Spiritual Enlightenment,15,Two,£43.54,Nonfiction,https://books.toscrape.com/catalogue/the-power-of-now-a-guide-to-spiritual-enlightenment_855/index.html,https://books.toscrape.com/media/cache/03/38/0338682e76bad3216cd4c6c28b2b625a.jpg,https://books.toscrape.com/,2026-08-05 09:16:56.377176+00:00
The Omnivore's Dilemma: A Natural History of Four Meals,15,Two,£38.21,Nonfiction,https://books.toscrape.com/catalogue/the-omnivores-dilemma-a-natural-history-of-four-meals_854/index.html,https://books.toscrape.com/media/cache/14/f3/14f3d525e2a114cd71e27201a16af188.jpg,https://books.toscrape.com/,2026-08-05 09:16:56.683309+00:00
The Nerdy Nummies Cookbook: Sweet Treats for the Geek in All of Us,15,Five,£37.34,Food and Drink,https://books.toscrape.com/catalogue/the-nerdy-nummies-cookbook-sweet-treats-for-the-geek-in-all-of-us_853/index.html,https://books.toscrape.com/media/cache/61/bd/61bdfe3950643c47d70c37c4123530f3.jpg,https://books.toscrape.com/,2026-08-05 09:16:56.996123+00:00
The Murder of Roger Ackroyd (Hercule Poirot #4),15,Four,£44.10,Mystery,https://books.toscrape.com/catalogue/the-murder-of-roger-ackroyd-hercule-poirot-4_852/index.html,https://books.toscrape.com/media/cache/29/fe/29fe70b1b2e5a9ba61d4bd331255e19e.jpg,https://books.toscrape.com/,2026-08-05 09:16:57.310570+00:00
The Mistake (Off-Campus #2),15,Three,£43.29,New Adult,https://books.toscrape.com/catalogue/the-mistake-off-campus-2_851/index.html,https://books.toscrape.com/media/cache/a5/43/a543b100a8c1861c1bf5374ca6b576fe.jpg,https://books.toscrape.com/,2026-08-05 09:16:57.616433+00:00
The Matchmaker's Playbook (Wingmen Inc. #1),15,One,£55.85,New Adult,https://books.toscrape.com/catalogue/the-matchmakers-playbook-wingmen-inc-1_850/index.html,https://books.toscrape.com/media/cache/84/ac/84acb0606c96e55dc729a9d6572a08fb.jpg,https://books.toscrape.com/,2026-08-05 09:16:57.915164+00:00
The Love and Lemons Cookbook: An Apple-to-Zucchini Celebration of Impromptu Cooking,15,Two,£37.60,Food and Drink,https://books.toscrape.com/catalogue/the-love-and-lemons-cookbook-an-apple-to-zucchini-celebration-of-impromptu-cooking_849/index.html,https://books.toscrape.com/media/cache/0d/1f/0d1f3f934460f5a50aaa8c366641234c.jpg,https://books.toscrape.com/,2026-08-05 09:16:58.244854+00:00
The Long Shadow of Small Ghosts: Murder and Memory in an American City,15,One,£10.97,Crime,https://books.toscrape.com/catalogue/the-long-shadow-of-small-ghosts-murder-and-memory-in-an-american-city_848/index.html,https://books.toscrape.com/media/cache/f2/e5/f2e51dd2b26600459f8eaeb6b9eecaa7.jpg,https://books.toscrape.com/,2026-08-05 09:16:58.558739+00:00
The Kite Runner,15,Four,£41.82,Default,https://books.toscrape.com/catalogue/the-kite-runner_847/index.html,https://books.toscrape.com/media/cache/58/9d/589d73503d9a23d224de836134fae553.jpg,https://books.toscrape.com/,2026-08-05 09:16:59.018316+00:00
The House by the Lake,15,One,£36.95,Historical Fiction,https://books.toscrape.com/catalogue/the-house-by-the-lake_846/index.html,https://books.toscrape.com/media/cache/0d/cb/0dcb33d60b0e79adf8ab9842e697ea2e.jpg,https://books.toscrape.com/,2026-08-05 09:16:59.316594+00:00
The Glittering Court (The Glittering Court #1),15,One,£44.28,Fantasy,https://books.toscrape.com/catalogue/the-glittering-court-the-glittering-court-1_845/index.html,https://books.toscrape.com/media/cache/3e/0b/3e0b16851bec08b6cbf78d5f64af9114.jpg,https://books.toscrape.com/,2026-08-05 09:16:59.663320+00:00
The Girl on the Train,15,Two,£55.02,Default,https://books.toscrape.com/catalogue/the-girl-on-the-train_844/index.html,https://books.toscrape.com/media/cache/25/6c/256c946dd0962095f66c6de3b15ab300.jpg,https://books.toscrape.com/,2026-08-05 09:17:00.627950+00:00
The Genius of Birds,15,One,£17.24,Nonfiction,https://books.toscrape.com/catalogue/the-genius-of-birds_843/index.html,https://books.toscrape.com/media/cache/13/57/1357c6aa40c9e63d2f931927fbf81f3f.jpg,https://books.toscrape.com/,2026-08-05 09:17:01.230876+00:00
The Emerald Mystery,15,Two,£23.15,Default,https://books.toscrape.com/catalogue/the-emerald-mystery_842/index.html,https://books.toscrape.com/media/cache/81/58/81586cd0bf8743e1f5ed80b6a0e1fabe.jpg,https://books.toscrape.com/,2026-08-05 09:17:01.535175+00:00
The Cookies & Cups Cookbook: 125+ sweet & savory recipes reminding you to Always Eat Dessert First,15,One,£41.25,Food and Drink,https://books.toscrape.com/catalogue/the-cookies-cups-cookbook-125-sweet-savory-recipes-reminding-you-to-always-eat-dessert-first_841/index.html,https://books.toscrape.com/media/cache/54/89/54899b4584e941ceced511d81092c88a.jpg,https://books.toscrape.com/,2026-08-05 09:17:01.974316+00:00
The Bridge to Consciousness: I'm Writing the Bridge Between Science and Our Old and New Beliefs.,15,Three,£32.00,Default,https://books.toscrape.com/catalogue/the-bridge-to-consciousness-im-writing-the-bridge-between-science-and-our-old-and-new-beliefs_840/index.html,https://books.toscrape.com/media/cache/fe/b7/feb764b2afa54991cfdbbffdf501b333.jpg,https://books.toscrape.com/,2026-08-05 09:17:03.014329+00:00
The Artist's Way: A Spiritual Path to Higher Creativity,15,Five,£38.49,Nonfiction,https://books.toscrape.com/catalogue/the-artists-way-a-spiritual-path-to-higher-creativity_839/index.html,https://books.toscrape.com/media/cache/0e/6d/0e6dc2484322c5b9e7854ced66fdf62d.jpg,https://books.toscrape.com/,2026-08-05 09:17:03.322992+00:00
The Art of War,15,Five,£33.34,Default,https://books.toscrape.com/catalogue/the-art-of-war_838/index.html,https://books.toscrape.com/media/cache/6d/71/6d71e36c8b1b9c885e1bb6c72cd8bcf8.jpg,https://books.toscrape.com/,2026-08-05 09:17:03.636712+00:00
The Argonauts,15,Two,£10.93,Autobiography,https://books.toscrape.com/catalogue/the-argonauts_837/index.html,https://books.toscrape.com/media/cache/0a/15/0a1567cd04a6582d333db71337b4e2a6.jpg,https://books.toscrape.com/,2026-08-05 09:17:04.211829+00:00
The 10% Entrepreneur: Live Your Startup Dream Without Quitting Your Day Job,15,Three,£27.55,Business,https://books.toscrape.com/catalogue/the-10-entrepreneur-live-your-startup-dream-without-quitting-your-day-job_836/index.html,https://books.toscrape.com/media/cache/82/93/82939ca78da0b724f16ec814849514fd.jpg,https://books.toscrape.com/,2026-08-05 09:17:04.770395+00:00
Suddenly in Love (Lake Haven #1),15,Two,£55.99,Romance,https://books.toscrape.com/catalogue/suddenly-in-love-lake-haven-1_835/index.html,https://books.toscrape.com/media/cache/e9/f4/e9f4bc8cf5ffaea1504623c936e90a48.jpg,https://books.toscrape.com/,2026-08-05 09:17:05.084216+00:00
Something More Than This,15,Four,£16.24,Romance,https://books.toscrape.com/catalogue/something-more-than-this_834/index.html,https://books.toscrape.com/media/cache/59/10/5910fbd8a95e8e9de9c660b71e0694e2.jpg,https://books.toscrape.com/,2026-08-05 09:17:05.511787+00:00
Soft Apocalypse,15,Two,£26.12,Science Fiction,https://books.toscrape.com/catalogue/soft-apocalypse_833/index.html,https://books.toscrape.com/media/cache/f0/06/f0060c756556b855184fa32f66280961.jpg,https://books.toscrape.com/,2026-08-05 09:17:05.938374+00:00
So You've Been Publicly Shamed,15,Two,£12.23,Nonfiction,https://books.toscrape.com/catalogue/so-youve-been-publicly-shamed_832/index.html,https://books.toscrape.com/media/cache/6e/d4/6ed4991d97f60db29ec7b421e61a2cf3.jpg,https://books.toscrape.com/,2026-08-05 09:17:06.366243+00:00
Shoe Dog: A Memoir by the Creator of NIKE,15,Two,£23.99,Business,https://books.toscrape.com/catalogue/shoe-dog-a-memoir-by-the-creator-of-nike_831/index.html,https://books.toscrape.com/media/cache/19/aa/19aa1184a3565b1dae6092146018e109.jpg,https://books.toscrape.com/,2026-08-05 09:17:06.795950+00:00
"Shobu Samurai, Project Aryoku (#3)",15,Three,£29.06,Add a comment,https://books.toscrape.com/catalogue/shobu-samurai-project-aryoku-3_830/index.html,https://books.toscrape.com/media/cache/ae/0c/ae0ccc307568b6d7699786411f3cbcc4.jpg,https://books.toscrape.com/,2026-08-05 09:17:07.111444+00:00
Secrets and Lace (Fatal Hearts #1),15,One,£20.27,Default,https://books.toscrape.com/catalogue/secrets-and-lace-fatal-hearts-1_829/index.html,https://books.toscrape.com/media/cache/84/7c/847c06b541e2a3b2228b96d97a5fe7a6.jpg,https://books.toscrape.com/,2026-08-05 09:17:07.543255+00:00
Scarlett Epstein Hates It Here,15,Five,£43.55,Young Adult,https://books.toscrape.com/catalogue/scarlett-epstein-hates-it-here_828/index.html,https://books.toscrape.com/media/cache/0f/d3/0fd306891f8fd3196653022fd67d6c87.jpg,https://books.toscrape.com/,2026-08-05 09:17:07.953097+00:00
Romero and Juliet: A Tragic Tale of Love and Zombies,15,One,£36.94,Default,https://books.toscrape.com/catalogue/romero-and-juliet-a-tragic-tale-of-love-and-zombies_827/index.html,https://books.toscrape.com/media/cache/12/f8/12f8002e5aab6d783e29b31aad36b5ba.jpg,https://books.toscrape.com/,2026-08-05 09:17:08.380805+00:00
Redeeming Love,15,Five,£20.47,Christian Fiction,https://books.toscrape.com/catalogue/redeeming-love_826/index.html,https://books.toscrape.com/media/cache/21/21/2121ba78e26194d92c334fde3850f840.jpg,https://books.toscrape.com/,2026-08-05 09:17:08.797846+00:00
Poses for Artists Volume 1 - Dynamic and Sitting Poses: An Essential Reference for Figure Drawing and the Human Form,15,One,£41.06,Default,https://books.toscrape.com/catalogue/poses-for-artists-volume-1-dynamic-and-sitting-poses-an-essential-reference-for-figure-drawing-and-the-human-form_825/index.html,https://books.toscrape.com/media/cache/5a/89/5a89e2dd7866dda6660fe508bc4b5249.jpg,https://books.toscrape.com/,2026-08-05 09:17:09.356179+00:00
Poems That Make Grown Women Cry,15,Four,£14.19,Poetry,https://books.toscrape.com/catalogue/poems-that-make-grown-women-cry_824/index.html,https://books.toscrape.com/media/cache/38/64/386468a8c3e6b880664bf7885bf6f726.jpg,https://books.toscrape.com/,2026-08-05 09:17:09.659534+00:00
"Nightingale, Sing",15,One,£38.28,Young Adult,https://books.toscrape.com/catalogue/nightingale-sing_823/index.html,https://books.toscrape.com/media/cache/18/08/18086e581ad354aa65f945c2b5c51350.jpg,https://books.toscrape.com/,2026-08-05 09:17:09.969251+00:00
Night Sky with Exit Wounds,15,One,£41.05,Poetry,https://books.toscrape.com/catalogue/night-sky-with-exit-wounds_822/index.html,https://books.toscrape.com/media/cache/25/54/2554431c797ec725eea50b3f8a83758c.jpg,https://books.toscrape.com/,2026-08-05 09:17:10.383895+00:00
Mrs. Houdini,15,Five,£30.25,Historical Fiction,https://books.toscrape.com/catalogue/mrs-houdini_821/index.html,https://books.toscrape.com/media/cache/0e/fe/0efe86960cdff718aed01a5c3f65b1c3.jpg,https://books.toscrape.com/,2026-08-05 09:17:10.791651+00:00
Modern Romance,15,Five,£28.26,Add a comment,https://books.toscrape.com/catalogue/modern-romance_820/index.html,https://books.toscrape.com/media/cache/28/78/2878538a1039d9c4649110499a1393fb.jpg,https://books.toscrape.com/,2026-08-05 09:17:11.905377+00:00
Miss Peregrine’s Home for Peculiar Children (Miss Peregrine’s Peculiar Children #1),15,One,£10.76,Default,https://books.toscrape.com/catalogue/miss-peregrines-home-for-peculiar-children-miss-peregrines-peculiar-children-1_819/index.html,https://books.toscrape.com/media/cache/01/26/01264865c12ed6d987d6f0858cd1d0ba.jpg,https://books.toscrape.com/,2026-08-05 09:17:12.260603+00:00
Louisa: The Extraordinary Life of Mrs. Adams,15,Two,£16.85,Biography,https://books.toscrape.com/catalogue/louisa-the-extraordinary-life-of-mrs-adams_818/index.html,https://books.toscrape.com/media/cache/6f/d9/6fd92e5143cbd5bb8bcf034e5f007dde.jpg,https://books.toscrape.com/,2026-08-05 09:17:12.682274+00:00
Little Red,15,Three,£13.47,Childrens,https://books.toscrape.com/catalogue/little-red_817/index.html,https://books.toscrape.com/media/cache/80/25/8025b80a40178f2a6dd4f99ad88e0fba.jpg,https://books.toscrape.com/,2026-08-05 09:17:13.131685+00:00
Library of Souls (Miss Peregrine’s Peculiar Children #3),15,Five,£48.56,Young Adult,https://books.toscrape.com/catalogue/library-of-souls-miss-peregrines-peculiar-children-3_816/index.html,https://books.toscrape.com/media/cache/f8/54/f85417465a73e33604624205ba8306cc.jpg,https://books.toscrape.com/,2026-08-05 09:17:13.441326+00:00
Large Print Heart of the Pride,15,Two,£19.15,Default,https://books.toscrape.com/catalogue/large-print-heart-of-the-pride_815/index.html,https://books.toscrape.com/media/cache/bd/e9/bde95ab9f776c911a7aa759cad60bb41.jpg,https://books.toscrape.com/,2026-08-05 09:17:13.759694+00:00
I Had a Nice Time And Other Lies...: How to find love & sh*t like that,15,Four,£57.36,Womens Fiction,https://books.toscrape.com/catalogue/i-had-a-nice-time-and-other-lies-how-to-find-love-sht-like-that_814/index.html,https://books.toscrape.com/media/cache/5f/72/5f72c8a0d5a7292e2929a354ec8a022f.jpg,https://books.toscrape.com/,2026-08-05 09:17:14.193617+00:00
Hollow City (Miss Peregrine’s Peculiar Children #2),15,One,£42.98,Fantasy,https://books.toscrape.com/catalogue/hollow-city-miss-peregrines-peculiar-children-2_813/index.html,https://books.toscrape.com/media/cache/e2/60/e260b008b7ea7970562295b7bc64b0cb.jpg,https://books.toscrape.com/,2026-08-05 09:17:14.653866+00:00
Grumbles,15,Two,£22.16,Default,https://books.toscrape.com/catalogue/grumbles_812/index.html,https://books.toscrape.com/media/cache/d6/1b/d61b12ef0e69d49e2645537dd6a8472a.jpg,https://books.toscrape.com/,2026-08-05 09:17:14.968998+00:00
Full Moon over Noah’s Ark: An Odyssey to Mount Ararat and Beyond,15,Four,£49.43,Travel,https://books.toscrape.com/catalogue/full-moon-over-noahs-ark-an-odyssey-to-mount-ararat-and-beyond_811/index.html,https://books.toscrape.com/media/cache/57/77/57770cac1628f4407636635f4b85e88c.jpg,https://books.toscrape.com/,2026-08-05 09:17:15.282010+00:00
Frostbite (Vampire Academy #2),15,Five,£29.99,Young Adult,https://books.toscrape.com/catalogue/frostbite-vampire-academy-2_810/index.html,https://books.toscrape.com/media/cache/71/76/7176317f1915fa0658bb2fe400441207.jpg,https://books.toscrape.com/,2026-08-05 09:17:15.596198+00:00
Follow You Home,15,One,£21.36,Horror,https://books.toscrape.com/catalogue/follow-you-home_809/index.html,https://books.toscrape.com/media/cache/a7/4b/a74b35375ce874153fd352e33bc7bac9.jpg,https://books.toscrape.com/,2026-08-05 09:17:15.892987+00:00
First Steps for New Christians (Print Edition),15,One,£29.00,Default,https://books.toscrape.com/catalogue/first-steps-for-new-christians-print-edition_808/index.html,https://books.toscrape.com/media/cache/f1/73/f1731459b1e2f4becf2c52b8f30b8cd7.jpg,https://books.toscrape.com/,2026-08-05 09:17:16.310201+00:00
Finders Keepers (Bill Hodges Trilogy #2),15,Five,£53.53,Fiction,https://books.toscrape.com/catalogue/finders-keepers-bill-hodges-trilogy-2_807/index.html,https://books.toscrape.com/media/cache/6a/81/6a81103b1c01a3f6c56e5718a838a4c8.jpg,https://books.toscrape.com/,2026-08-05 09:17:16.618515+00:00
"Fables, Vol. 1: Legends in Exile (Fables #1)",15,Four,£41.62,Sequential Art,https://books.toscrape.com/catalogue/fables-vol-1-legends-in-exile-fables-1_806/index.html,https://books.toscrape.com/media/cache/51/8c/518c184a793b751b43045637c8002eb7.jpg,https://books.toscrape.com/,2026-08-05 09:17:17.048504+00:00
Eureka Trivia 6.0,15,Four,£54.59,Default,https://books.toscrape.com/catalogue/eureka-trivia-60_805/index.html,https://books.toscrape.com/media/cache/96/17/96173470df6fc6fef4d0008e957653ce.jpg,https://books.toscrape.com/,2026-08-05 09:17:17.498453+00:00
Drive: The Surprising Truth About What Motivates Us,15,Four,£34.95,Default,https://books.toscrape.com/catalogue/drive-the-surprising-truth-about-what-motivates-us_804/index.html,https://books.toscrape.com/media/cache/8a/49/8a490347afdc10abe7c2099e466de32f.jpg,https://books.toscrape.com/,2026-08-05 09:17:17.905056+00:00
Done Rubbed Out (Reightman & Bailey #1),15,Five,£37.72,Default,https://books.toscrape.com/catalogue/done-rubbed-out-reightman-bailey-1_803/index.html,https://books.toscrape.com/media/cache/08/4d/084da0199a717cb6c1eda30f98d0ea4c.jpg,https://books.toscrape.com/,2026-08-05 09:17:18.233115+00:00
Doing It Over (Most Likely To #1),15,Three,£35.61,Romance,https://books.toscrape.com/catalogue/doing-it-over-most-likely-to-1_802/index.html,https://books.toscrape.com/media/cache/e9/25/e9250495a525eb203652ad9da85ccb8e.jpg,https://books.toscrape.com/,2026-08-05 09:17:18.542369+00:00
"Deliciously Ella Every Day: Quick and Easy Recipes for Gluten-Free Snacks, Packed Lunches, and Simple Meals",15,Three,£42.16,Food and Drink,https://books.toscrape.com/catalogue/deliciously-ella-every-day-quick-and-easy-recipes-for-gluten-free-snacks-packed-lunches-and-simple-meals_801/index.html,https://books.toscrape.com/media/cache/20/f2/20f28657b49f8cb24ed2ec6448bb6df3.jpg,https://books.toscrape.com/,2026-08-05 09:17:18.930816+00:00
Dark Notes,15,Five,£19.19,Erotica,https://books.toscrape.com/catalogue/dark-notes_800/index.html,https://books.toscrape.com/media/cache/6e/4e/6e4e8f4f4abd94356a9be840e4681e65.jpg,https://books.toscrape.com/,2026-08-05 09:17:19.814953+00:00
"Daring Greatly: How the Courage to Be Vulnerable Transforms the Way We Live, Love, Parent, and Lead",15,Three,£19.43,Nonfiction,https://books.toscrape.com/catalogue/daring-greatly-how-the-courage-to-be-vulnerable-transforms-the-way-we-live-love-parent-and-lead_799/index.html,https://books.toscrape.com/media/cache/55/ce/55ced903becc59121d6edb47a4dcfb56.jpg,https://books.toscrape.com/,2026-08-05 09:17:20.265659+00:00
Close to You,15,Four,£49.46,Christian Fiction,https://books.toscrape.com/catalogue/close-to-you_798/index.html,https://books.toscrape.com/media/cache/fa/f6/faf6d69a42f477e1da80a71f05a4dc25.jpg,https://books.toscrape.com/,2026-08-05 09:17:20.723636+00:00
Chasing Heaven: What Dying Taught Me About Living,15,Two,£37.80,Spirituality,https://books.toscrape.com/catalogue/chasing-heaven-what-dying-taught-me-about-living_797/index.html,https://books.toscrape.com/media/cache/b7/6a/b76a73640d26b09c4a6f373b09050bed.jpg,https://books.toscrape.com/,2026-08-05 09:17:21.038706+00:00
Big Magic: Creative Living Beyond Fear,15,Three,£30.80,Nonfiction,https://books.toscrape.com/catalogue/big-magic-creative-living-beyond-fear_796/index.html,https://books.toscrape.com/media/cache/62/ad/62ad9b4077416ddc0c4908062bca0e5e.jpg,https://books.toscrape.com/,2026-08-05 09:17:21.348778+00:00
Becoming Wise: An Inquiry into the Mystery and Art of Living,15,Two,£27.43,Nonfiction,https://books.toscrape.com/catalogue/becoming-wise-an-inquiry-into-the-mystery-and-art-of-living_795/index.html,https://books.toscrape.com/media/cache/ff/69/ff69c96b05affa03f647287e46210bf9.jpg,https://books.toscrape.com/,2026-08-05 09:17:21.765980+00:00
Beauty Restored (Riley Family Legacy Novellas #3),15,Two,£11.11,Default,https://books.toscrape.com/catalogue/beauty-restored-riley-family-legacy-novellas-3_794/index.html,https://books.toscrape.com/media/cache/51/6f/516f605a957a1f5592b81f4e06c491bb.jpg,https://books.toscrape.com/,2026-08-05 09:17:22.058147+00:00
Batman: The Long Halloween (Batman),15,Two,£36.50,Sequential Art,https://books.toscrape.com/catalogue/batman-the-long-halloween-batman_793/index.html,https://books.toscrape.com/media/cache/78/a7/78a7f184a4d6d62412861c68f1c3ad90.jpg,https://books.toscrape.com/,2026-08-05 09:17:22.369890+00:00
Batman: The Dark Knight Returns (Batman),15,Five,£15.38,Sequential Art,https://books.toscrape.com/catalogue/batman-the-dark-knight-returns-batman_792/index.html,https://books.toscrape.com/media/cache/be/a9/bea95dbd7b2a843519c9a1dcfc433f9b.jpg,https://books.toscrape.com/,2026-08-05 09:17:22.693564+00:00
Ayumi's Violin,15,Two,£15.48,Default,https://books.toscrape.com/catalogue/ayumis-violin_791/index.html,https://books.toscrape.com/media/cache/fa/18/fa18c44fba20b8191f6a88e2e28092fd.jpg,https://books.toscrape.com/,2026-08-05 09:17:22.992906+00:00
Anonymous,15,Four,£46.82,Default,https://books.toscrape.com/catalogue/anonymous_790/index.html,https://books.toscrape.com/media/cache/fb/75/fb75a0ce3e0b01fa3852806c6d1f1af6.jpg,https://books.toscrape.com/,2026-08-05 09:17:23.311359+00:00
Amy Meets the Saints and Sages,15,Three,£18.46,Default,https://books.toscrape.com/catalogue/amy-meets-the-saints-and-sages_789/index.html,https://books.toscrape.com/media/cache/00/53/0053efa8515b8e2ad9b029c298766e9f.jpg,https://books.toscrape.com/,2026-08-05 09:17:23.620562+00:00
Amid the Chaos,15,One,£36.58,Cultural,https://books.toscrape.com/catalogue/amid-the-chaos_788/index.html,https://books.toscrape.com/media/cache/52/46/524655fade1d9fe1475395a3eaff827a.jpg,https://books.toscrape.com/,2026-08-05 09:17:23.927422+00:00
Amatus,15,Five,£50.54,Default,https://books.toscrape.com/catalogue/amatus_787/index.html,https://books.toscrape.com/media/cache/8f/92/8f92c3b5dc8f5c1a23324bda7477b19c.jpg,https://books.toscrape.com/,2026-08-05 09:17:24.237470+00:00
Agnostic: A Spirited Manifesto,15,Five,£12.51,Nonfiction,https://books.toscrape.com/catalogue/agnostic-a-spirited-manifesto_786/index.html,https://books.toscrape.com/media/cache/9f/fc/9ffc43826233092d2acb4414f86627eb.jpg,https://books.toscrape.com/,2026-08-05 09:17:24.536294+00:00
Zealot: The Life and Times of Jesus of Nazareth,14,Three,£24.70,History,https://books.toscrape.com/catalogue/zealot-the-life-and-times-of-jesus-of-nazareth_785/index.html,https://books.toscrape.com/media/cache/3d/60/3d6003fc37b842a07c2dbe28e47448e1.jpg,https://books.toscrape.com/,2026-08-05 09:17:24.833454+00:00
You (You #1),14,Five,£43.61,Thriller,https://books.toscrape.com/catalogue/you-you-1_784/index.html,https://books.toscrape.com/media/cache/d6/97/d697268540fa982f4dce39f61ed3a342.jpg,https://books.toscrape.com/,2026-08-05 09:17:25.142790+00:00
"Wonder Woman: Earth One, Volume One (Wonder Woman: Earth One #1)",14,Four,£37.34,Sequential Art,https://books.toscrape.com/catalogue/wonder-woman-earth-one-volume-one-wonder-woman-earth-one-1_783/index.html,https://books.toscrape.com/media/cache/19/39/19396172462f4cc0504d4e6e8b0e1647.jpg,https://books.toscrape.com/,2026-08-05 09:17:26.245340+00:00
Wild Swans,14,Two,£14.36,Young Adult,https://books.toscrape.com/catalogue/wild-swans_782/index.html,https://books.toscrape.com/media/cache/bb/72/bb723ad463531c602ad8bcb244253bf3.jpg,https://books.toscrape.com/,2026-08-05 09:17:26.674679+00:00
Why the Right Went Wrong: Conservatism--From Goldwater to the Tea Party and Beyond,14,Four,£52.65,Politics,https://books.toscrape.com/catalogue/why-the-right-went-wrong-conservatism-from-goldwater-to-the-tea-party-and-beyond_781/index.html,https://books.toscrape.com/media/cache/db/1b/db1babd3c09b84da800b0e9897fe0097.jpg,https://books.toscrape.com/,2026-08-05 09:17:27.088102+00:00
Whole Lotta Creativity Going On: 60 Fun and Unusual Exercises to Awaken and Strengthen Your Creativity,14,Four,£38.20,Nonfiction,https://books.toscrape.com/catalogue/whole-lotta-creativity-going-on-60-fun-and-unusual-exercises-to-awaken-and-strengthen-your-creativity_780/index.html,https://books.toscrape.com/media/cache/ba/36/ba368dfb2b6ae9979ff59d049c626167.jpg,https://books.toscrape.com/,2026-08-05 09:17:28.194222+00:00
What's It Like in Space?: Stories from Astronauts Who've Been There,14,Two,£19.60,Nonfiction,https://books.toscrape.com/catalogue/whats-it-like-in-space-stories-from-astronauts-whove-been-there_779/index.html,https://books.toscrape.com/media/cache/43/b7/43b70859e93901b019791cef86539ffc.jpg,https://books.toscrape.com/,2026-08-05 09:17:28.612142+00:00
"We Are Robin, Vol. 1: The Vigilante Business (We Are Robin #1)",14,One,£53.90,Sequential Art,https://books.toscrape.com/catalogue/we-are-robin-vol-1-the-vigilante-business-we-are-robin-1_778/index.html,https://books.toscrape.com/media/cache/66/d6/66d6d2b4c0acfa8f40ad0285186ed2d8.jpg,https://books.toscrape.com/,2026-08-05 09:17:28.921383+00:00
Walt Disney's Alice in Wonderland,14,Five,£12.96,Childrens,https://books.toscrape.com/catalogue/walt-disneys-alice-in-wonderland_777/index.html,https://books.toscrape.com/media/cache/28/50/2850439c2ba103fb69dba9cd2dd9f0c2.jpg,https://books.toscrape.com/,2026-08-05 09:17:29.345012+00:00
V for Vendetta (V for Vendetta Complete),14,Four,£37.10,Default,https://books.toscrape.com/catalogue/v-for-vendetta-v-for-vendetta-complete_776/index.html,https://books.toscrape.com/media/cache/cc/8f/cc8fb914bfee31a7903a5cabaae64796.jpg,https://books.toscrape.com/,2026-08-05 09:17:29.674086+00:00
Until Friday Night (The Field Party #1),14,Two,£46.31,Young Adult,https://books.toscrape.com/catalogue/until-friday-night-the-field-party-1_775/index.html,https://books.toscrape.com/media/cache/19/cf/19cf50aea5bf0e8f4bc016f3745b3dfe.jpg,https://books.toscrape.com/,2026-08-05 09:17:29.980266+00:00
"Unbroken: A World War II Story of Survival, Resilience, and Redemption",14,Two,£45.95,Default,https://books.toscrape.com/catalogue/unbroken-a-world-war-ii-story-of-survival-resilience-and-redemption_774/index.html,https://books.toscrape.com/media/cache/74/cd/74cd3f345b50452c3be6631669f13aa8.jpg,https://books.toscrape.com/,2026-08-05 09:17:30.289014+00:00
Twenty Yawns,14,Two,£22.08,Childrens,https://books.toscrape.com/catalogue/twenty-yawns_773/index.html,https://books.toscrape.com/media/cache/2b/38/2b380f77723c797c0389f978afa6db58.jpg,https://books.toscrape.com/,2026-08-05 09:17:30.664276+00:00
Through the Woods,14,Two,£25.38,Sequential Art,https://books.toscrape.com/catalogue/through-the-woods_772/index.html,https://books.toscrape.com/media/cache/4c/af/4caf8f2a5ee8828d408cc8faadd3419c.jpg,https://books.toscrape.com/,2026-08-05 09:17:30.971909+00:00
This Is Where It Ends,14,Two,£27.12,Young Adult,https://books.toscrape.com/catalogue/this-is-where-it-ends_771/index.html,https://books.toscrape.com/media/cache/18/0b/180bfe1902cb3c0eb77d7c712efa2a96.jpg,https://books.toscrape.com/,2026-08-05 09:17:31.397979+00:00
The Year of Magical Thinking,14,Two,£43.04,Nonfiction,https://books.toscrape.com/catalogue/the-year-of-magical-thinking_770/index.html,https://books.toscrape.com/media/cache/bf/e5/bfe526c22c7c08235c27a6474ebb4db9.jpg,https://books.toscrape.com/,2026-08-05 09:17:31.701068+00:00
The Wright Brothers,14,Four,£56.80,Default,https://books.toscrape.com/catalogue/the-wright-brothers_769/index.html,https://books.toscrape.com/media/cache/02/2e/022e8b81ba1405991401bb46d6330c73.jpg,https://books.toscrape.com/,2026-08-05 09:17:32.007342+00:00
The White Queen (The Cousins' War #1),14,Five,£25.91,Add a comment,https://books.toscrape.com/catalogue/the-white-queen-the-cousins-war-1_768/index.html,https://books.toscrape.com/media/cache/72/d8/72d861617b6d3aababe6e61e8d3c1056.jpg,https://books.toscrape.com/,2026-08-05 09:17:32.363504+00:00
The Wedding Pact (The O'Malleys #2),14,Three,£32.61,Romance,https://books.toscrape.com/catalogue/the-wedding-pact-the-omalleys-2_767/index.html,https://books.toscrape.com/media/cache/7e/67/7e67addd80caaf8a9f9e9daa9cf66bb2.jpg,https://books.toscrape.com/,2026-08-05 09:17:32.790290+00:00
The Time Keeper,14,Five,£27.88,Fiction,https://books.toscrape.com/catalogue/the-time-keeper_766/index.html,https://books.toscrape.com/media/cache/8f/f8/8ff8680dde59ea739d6978a01e4d7fe5.jpg,https://books.toscrape.com/,2026-08-05 09:17:33.106279+00:00
The Testament of Mary,14,Four,£52.67,Fiction,https://books.toscrape.com/catalogue/the-testament-of-mary_765/index.html,https://books.toscrape.com/media/cache/83/05/8305154438c91a02cefacf4ec8b53393.jpg,https://books.toscrape.com/,2026-08-05 09:17:33.527767+00:00
The Star-Touched Queen,14,Five,£46.02,Fantasy,https://books.toscrape.com/catalogue/the-star-touched-queen_764/index.html,https://books.toscrape.com/media/cache/53/5e/535e2be0b423797c2cdc7d98882c820a.jpg,https://books.toscrape.com/,2026-08-05 09:17:33.827090+00:00
The Songs of the Gods,14,Five,£44.48,Default,https://books.toscrape.com/catalogue/the-songs-of-the-gods_763/index.html,https://books.toscrape.com/media/cache/6c/a3/6ca34db7c01e554ad17bd3be74b561e3.jpg,https://books.toscrape.com/,2026-08-05 09:17:34.133258+00:00
The Song of Achilles,14,Five,£37.40,Add a comment,https://books.toscrape.com/catalogue/the-song-of-achilles_762/index.html,https://books.toscrape.com/media/cache/66/f7/66f79b76d6c6b64fcc8110515c454e09.jpg,https://books.toscrape.com/,2026-08-05 09:17:34.437770+00:00
The Rosie Project (Don Tillman #1),14,One,£54.04,Default,https://books.toscrape.com/catalogue/the-rosie-project-don-tillman-1_761/index.html,https://books.toscrape.com/media/cache/f0/db/f0db1cf76d45f0522d4c8c3c39aa0dd8.jpg,https://books.toscrape.com/,2026-08-05 09:17:34.762193+00:00
The Power of Habit: Why We Do What We Do in Life and Business,14,Three,£16.88,Default,https://books.toscrape.com/catalogue/the-power-of-habit-why-we-do-what-we-do-in-life-and-business_760/index.html,https://books.toscrape.com/media/cache/52/df/52dfc44f48cf29e7a9e305bcb63e1899.jpg,https://books.toscrape.com/,2026-08-05 09:17:35.886591+00:00
The Marriage of Opposites,14,Four,£28.08,Historical Fiction,https://books.toscrape.com/catalogue/the-marriage-of-opposites_759/index.html,https://books.toscrape.com/media/cache/0f/c2/0fc21ec3489cb23116778ee84f425eca.jpg,https://books.toscrape.com/,2026-08-05 09:17:36.191398+00:00
The Lucifer Effect: Understanding How Good People Turn Evil,14,One,£10.40,Psychology,https://books.toscrape.com/catalogue/the-lucifer-effect-understanding-how-good-people-turn-evil_758/index.html,https://books.toscrape.com/media/cache/a6/c8/a6c8256b123493472591c5855c7de704.jpg,https://books.toscrape.com/,2026-08-05 09:17:36.495556+00:00
The Long Haul (Diary of a Wimpy Kid #9),14,One,£44.07,Humor,https://books.toscrape.com/catalogue/the-long-haul-diary-of-a-wimpy-kid-9_757/index.html,https://books.toscrape.com/media/cache/46/bd/46bdee520b8136972262fd040533772d.jpg,https://books.toscrape.com/,2026-08-05 09:17:36.939125+00:00
The Loney,14,One,£23.40,Horror,https://books.toscrape.com/catalogue/the-loney_756/index.html,https://books.toscrape.com/media/cache/6d/10/6d10387a0175701d4ff456a0c7eee67b.jpg,https://books.toscrape.com/,2026-08-05 09:17:37.370734+00:00
The Literature Book (Big Ideas Simply Explained),14,Three,£17.43,Nonfiction,https://books.toscrape.com/catalogue/the-literature-book-big-ideas-simply-explained_755/index.html,https://books.toscrape.com/media/cache/9e/ea/9eea51ac4a15d18aa976be459da30c47.jpg,https://books.toscrape.com/,2026-08-05 09:17:37.664758+00:00
The Last Mile (Amos Decker #2),14,Two,£54.21,Mystery,https://books.toscrape.com/catalogue/the-last-mile-amos-decker-2_754/index.html,https://books.toscrape.com/media/cache/37/f1/37f118b4a56d866e1e8b563759d6966c.jpg,https://books.toscrape.com/,2026-08-05 09:17:37.998996+00:00
The Immortal Life of Henrietta Lacks,14,Two,£40.67,Add a comment,https://books.toscrape.com/catalogue/the-immortal-life-of-henrietta-lacks_753/index.html,https://books.toscrape.com/media/cache/94/ac/94ac87da7b40853013093f08356efa3b.jpg,https://books.toscrape.com/,2026-08-05 09:17:38.441233+00:00
The Hidden Oracle (The Trials of Apollo #1),14,Two,£52.26,Fantasy,https://books.toscrape.com/catalogue/the-hidden-oracle-the-trials-of-apollo-1_752/index.html,https://books.toscrape.com/media/cache/b4/67/b467a4f01ca6ae8464b9425a156c7c32.jpg,https://books.toscrape.com/,2026-08-05 09:17:38.751702+00:00
The Help Yourself Cookbook for Kids: 60 Easy Plant-Based Recipes Kids Can Make to Stay Healthy and Save the Earth,14,Three,£28.77,Food and Drink,https://books.toscrape.com/catalogue/the-help-yourself-cookbook-for-kids-60-easy-plant-based-recipes-kids-can-make-to-stay-healthy-and-save-the-earth_751/index.html,https://books.toscrape.com/media/cache/c4/dc/c4dcec6f513eaca3f0f3c748d834c46d.jpg,https://books.toscrape.com/,2026-08-05 09:17:39.066796+00:00
The Guilty (Will Robie #4),14,Two,£13.82,Thriller,https://books.toscrape.com/catalogue/the-guilty-will-robie-4_750/index.html,https://books.toscrape.com/media/cache/76/de/76deee06ffe45e646c0113af01f4f401.jpg,https://books.toscrape.com/,2026-08-05 09:17:39.370543+00:00
The First Hostage (J.B. Collins #2),14,Three,£25.85,Fiction,https://books.toscrape.com/catalogue/the-first-hostage-jb-collins-2_749/index.html,https://books.toscrape.com/media/cache/38/34/3834572e651cdc14b18d348fa4875aa9.jpg,https://books.toscrape.com/,2026-08-05 09:17:39.784602+00:00
The Dovekeepers,14,One,£48.78,Add a comment,https://books.toscrape.com/catalogue/the-dovekeepers_748/index.html,https://books.toscrape.com/media/cache/8f/3f/8f3f4d67e30a8129577ccc4664998345.jpg,https://books.toscrape.com/,2026-08-05 09:17:40.201770+00:00
The Darkest Lie,14,Five,£35.35,Young Adult,https://books.toscrape.com/catalogue/the-darkest-lie_747/index.html,https://books.toscrape.com/media/cache/1d/3c/1d3c05b772ab846c111970232360d2c5.jpg,https://books.toscrape.com/,2026-08-05 09:17:40.503460+00:00
The Bane Chronicles (The Bane Chronicles #1-11),14,Four,£44.73,Fantasy,https://books.toscrape.com/catalogue/the-bane-chronicles-the-bane-chronicles-1-11_746/index.html,https://books.toscrape.com/media/cache/9a/33/9a333c4a06ce187c5c9d2f5969ddcac2.jpg,https://books.toscrape.com/,2026-08-05 09:17:40.813983+00:00
The Bad-Ass Librarians of Timbuktu: And Their Race to Save the World’s Most Precious Manuscripts,14,One,£15.77,Nonfiction,https://books.toscrape.com/catalogue/the-bad-ass-librarians-of-timbuktu-and-their-race-to-save-the-worlds-most-precious-manuscripts_745/index.html,https://books.toscrape.com/media/cache/88/90/8890073a9c9e3bb696f6baa84fb4dd95.jpg,https://books.toscrape.com/,2026-08-05 09:17:41.229474+00:00
The 14th Colony (Cotton Malone #11),14,One,£39.24,Thriller,https://books.toscrape.com/catalogue/the-14th-colony-cotton-malone-11_744/index.html,https://books.toscrape.com/media/cache/d9/1a/d91aae72af6c1cb2c63163acabe7895c.jpg,https://books.toscrape.com/,2026-08-05 09:17:41.534302+00:00
That Darkness (Gardiner and Renner #1),14,One,£13.92,Mystery,https://books.toscrape.com/catalogue/that-darkness-gardiner-and-renner-1_743/index.html,https://books.toscrape.com/media/cache/44/9e/449ed681142bc336646abee754e96639.jpg,https://books.toscrape.com/,2026-08-05 09:17:41.954316+00:00
Tastes Like Fear (DI Marnie Rome #3),14,One,£10.69,Mystery,https://books.toscrape.com/catalogue/tastes-like-fear-di-marnie-rome-3_742/index.html,https://books.toscrape.com/media/cache/3c/91/3c91d97266bd6dda322089695fb46daf.jpg,https://books.toscrape.com/,2026-08-05 09:17:42.382510+00:00
Take Me with You,14,Three,£45.21,Fiction,https://books.toscrape.com/catalogue/take-me-with-you_741/index.html,https://books.toscrape.com/media/cache/d8/a4/d8a44eda7cbe7bd1207f868e9adc06f3.jpg,https://books.toscrape.com/,2026-08-05 09:17:42.698652+00:00
Swell: A Year of Waves,14,One,£45.58,Nonfiction,https://books.toscrape.com/catalogue/swell-a-year-of-waves_740/index.html,https://books.toscrape.com/media/cache/10/28/1028b2cf417e49dc1c14609e437a98e0.jpg,https://books.toscrape.com/,2026-08-05 09:17:43.578353+00:00
Superman Vol. 1: Before Truth (Superman by Gene Luen Yang #1),14,Five,£11.89,Sequential Art,https://books.toscrape.com/catalogue/superman-vol-1-before-truth-superman-by-gene-luen-yang-1_739/index.html,https://books.toscrape.com/media/cache/7e/c0/7ec0e9ca6153a23b2024b7df7407ee84.jpg,https://books.toscrape.com/,2026-08-05 09:17:43.874040+00:00
Still Life with Bread Crumbs,14,Three,£26.41,Fiction,https://books.toscrape.com/catalogue/still-life-with-bread-crumbs_738/index.html,https://books.toscrape.com/media/cache/8e/c7/8ec7f310b74ddd7ec3c859e9b0da7389.jpg,https://books.toscrape.com/,2026-08-05 09:17:44.314084+00:00
Steve Jobs,14,Five,£39.50,Default,https://books.toscrape.com/catalogue/steve-jobs_737/index.html,https://books.toscrape.com/media/cache/86/31/86313c225719ac946894d780c4ff0839.jpg,https://books.toscrape.com/,2026-08-05 09:17:44.620208+00:00
Sorting the Beef from the Bull: The Science of Food Fraud Forensics,14,Four,£44.74,Science,https://books.toscrape.com/catalogue/sorting-the-beef-from-the-bull-the-science-of-food-fraud-forensics_736/index.html,https://books.toscrape.com/media/cache/68/ca/68caaf9ac41964d5167a3eb67c638393.jpg,https://books.toscrape.com/,2026-08-05 09:17:44.934920+00:00
Someone Like You (The Harrisons #2),14,Five,£52.79,Contemporary,https://books.toscrape.com/catalogue/someone-like-you-the-harrisons-2_735/index.html,https://books.toscrape.com/media/cache/e3/d0/e3d05227f3fc24f0e0c84ccebe108fb0.jpg,https://books.toscrape.com/,2026-08-05 09:17:45.235056+00:00
"So Cute It Hurts!!, Vol. 6 (So Cute It Hurts!! #6)",14,Four,£35.43,Sequential Art,https://books.toscrape.com/catalogue/so-cute-it-hurts-vol-6-so-cute-it-hurts-6_734/index.html,https://books.toscrape.com/media/cache/b2/48/b2484d13793ff1c4271a3d4023d4d24e.jpg,https://books.toscrape.com/,2026-08-05 09:17:45.542962+00:00
Shtum,14,Four,£55.84,Fiction,https://books.toscrape.com/catalogue/shtum_733/index.html,https://books.toscrape.com/media/cache/03/16/0316bb6f4785ac69c0643109201bad5d.jpg,https://books.toscrape.com/,2026-08-05 09:17:45.949968+00:00
See America: A Celebration of Our National Parks & Treasured Sites,14,Three,£48.87,Travel,https://books.toscrape.com/catalogue/see-america-a-celebration-of-our-national-parks-treasured-sites_732/index.html,https://books.toscrape.com/media/cache/9a/7e/9a7e63f12829df4b43b31d110bf3dc2e.jpg,https://books.toscrape.com/,2026-08-05 09:17:46.259438+00:00
salt.,14,Four,£46.78,Poetry,https://books.toscrape.com/catalogue/salt_731/index.html,https://books.toscrape.com/media/cache/3f/41/3f4160ada0b16e3c64cd2d0dffe781c8.jpg,https://books.toscrape.com/,2026-08-05 09:17:46.565064+00:00
Robin War,14,Three,£47.82,Sequential Art,https://books.toscrape.com/catalogue/robin-war_730/index.html,https://books.toscrape.com/media/cache/45/1d/451d3543022242b8b245793e6b5c26bb.jpg,https://books.toscrape.com/,2026-08-05 09:17:46.863810+00:00
"Red Hood/Arsenal, Vol. 1: Open for Business (Red Hood/Arsenal #1)",14,Two,£25.48,Sequential Art,https://books.toscrape.com/catalogue/red-hoodarsenal-vol-1-open-for-business-red-hoodarsenal-1_729/index.html,https://books.toscrape.com/media/cache/da/78/da78757466c3b0a2c89f0ddf6b5e642f.jpg,https://books.toscrape.com/,2026-08-05 09:17:47.274520+00:00
Rain Fish,14,Three,£23.57,Childrens,https://books.toscrape.com/catalogue/rain-fish_728/index.html,https://books.toscrape.com/media/cache/bb/e2/bbe26db72b8a32117bfe4981b7cc8147.jpg,https://books.toscrape.com/,2026-08-05 09:17:47.710525+00:00
"Quarter Life Poetry: Poems for the Young, Broke and Hangry",14,Five,£50.89,Poetry,https://books.toscrape.com/catalogue/quarter-life-poetry-poems-for-the-young-broke-and-hangry_727/index.html,https://books.toscrape.com/media/cache/c8/f2/c8f297fab080ddd02b3ed5c17b83af85.jpg,https://books.toscrape.com/,2026-08-05 09:17:48.004291+00:00
Pet Sematary,14,Three,£10.56,Horror,https://books.toscrape.com/catalogue/pet-sematary_726/index.html,https://books.toscrape.com/media/cache/7a/72/7a72465b21dbf998323e37b31f9a3f4a.jpg,https://books.toscrape.com/,2026-08-05 09:17:48.315483+00:00
"Overload: How to Unplug, Unwind, and Unleash Yourself from the Pressure of Stress",14,Three,£52.15,Self Help,https://books.toscrape.com/catalogue/overload-how-to-unplug-unwind-and-unleash-yourself-from-the-pressure-of-stress_725/index.html,https://books.toscrape.com/media/cache/9c/da/9cda4893c7fce0c1c8eaa34fb092aa04.jpg,https://books.toscrape.com/,2026-08-05 09:17:48.619424+00:00
Once Was a Time,14,Two,£18.28,Childrens,https://books.toscrape.com/catalogue/once-was-a-time_724/index.html,https://books.toscrape.com/media/cache/97/12/971212afa8e4ff49d92f678bc889d8b7.jpg,https://books.toscrape.com/,2026-08-05 09:17:48.916302+00:00
Old School (Diary of a Wimpy Kid #10),14,Five,£11.83,Humor,https://books.toscrape.com/catalogue/old-school-diary-of-a-wimpy-kid-10_723/index.html,https://books.toscrape.com/media/cache/df/5d/df5d172abe87deda6d533e3e908d27d8.jpg,https://books.toscrape.com/,2026-08-05 09:17:49.232308+00:00
No Dream Is Too High: Life Lessons From a Man Who Walked on the Moon,14,Two,£21.95,Nonfiction,https://books.toscrape.com/catalogue/no-dream-is-too-high-life-lessons-from-a-man-who-walked-on-the-moon_722/index.html,https://books.toscrape.com/media/cache/b5/6f/b56ff04effb66fe701a22abd4a7f1667.jpg,https://books.toscrape.com/,2026-08-05 09:17:49.645252+00:00
"Naruto (3-in-1 Edition), Vol. 14: Includes Vols. 40, 41 & 42 (Naruto: Omnibus #14)",14,Two,£38.39,Sequential Art,https://books.toscrape.com/catalogue/naruto-3-in-1-edition-vol-14-includes-vols-40-41-42-naruto-omnibus-14_721/index.html,https://books.toscrape.com/media/cache/c8/22/c822360ce0f91c40f7a0491c22287646.jpg,https://books.toscrape.com/,2026-08-05 09:17:49.947930+00:00
My Name Is Lucy Barton,14,One,£41.56,Fiction,https://books.toscrape.com/catalogue/my-name-is-lucy-barton_720/index.html,https://books.toscrape.com/media/cache/ca/b1/cab150e556b5fab663a9fec00ed97943.jpg,https://books.toscrape.com/,2026-08-05 09:17:51.680066+00:00
My Mrs. Brown,14,Three,£24.48,Fiction,https://books.toscrape.com/catalogue/my-mrs-brown_719/index.html,https://books.toscrape.com/media/cache/e0/79/e07906c1e507055da9a2260a74f58273.jpg,https://books.toscrape.com/,2026-08-05 09:17:51.978425+00:00
My Kind of Crazy,14,One,£40.36,Young Adult,https://books.toscrape.com/catalogue/my-kind-of-crazy_718/index.html,https://books.toscrape.com/media/cache/46/6e/466e9636819aad1126ac6cefb5313ba8.jpg,https://books.toscrape.com/,2026-08-05 09:17:52.382603+00:00
Mr. Mercedes (Bill Hodges Trilogy #1),14,One,£28.90,Fiction,https://books.toscrape.com/catalogue/mr-mercedes-bill-hodges-trilogy-1_717/index.html,https://books.toscrape.com/media/cache/a7/f0/a7f092a7b79f848df0226f808fed489b.jpg,https://books.toscrape.com/,2026-08-05 09:17:52.794734+00:00
More Than Music (Chasing the Dream #1),14,Two,£37.61,Add a comment,https://books.toscrape.com/catalogue/more-than-music-chasing-the-dream-1_716/index.html,https://books.toscrape.com/media/cache/3f/e7/3fe7073a5caac81929524d2d9488f928.jpg,https://books.toscrape.com/,2026-08-05 09:17:53.217801+00:00
Made to Stick: Why Some Ideas Survive and Others Die,14,Five,£38.85,Business,https://books.toscrape.com/catalogue/made-to-stick-why-some-ideas-survive-and-others-die_715/index.html,https://books.toscrape.com/media/cache/e2/2e/e22e4a82d97f9f0689d5295a98f5dcff.jpg,https://books.toscrape.com/,2026-08-05 09:17:53.643680+00:00
Luis Paints the World,14,Three,£53.95,Childrens,https://books.toscrape.com/catalogue/luis-paints-the-world_714/index.html,https://books.toscrape.com/media/cache/85/e7/85e75d5a9309da5807c82decf3d90263.jpg,https://books.toscrape.com/,2026-08-05 09:17:53.950480+00:00
Luckiest Girl Alive,14,Three,£49.83,Default,https://books.toscrape.com/catalogue/luckiest-girl-alive_713/index.html,https://books.toscrape.com/media/cache/81/c0/81c0a1ce03db82568e2496db945a8227.jpg,https://books.toscrape.com/,2026-08-05 09:17:54.382803+00:00
Lowriders to the Center of the Earth (Lowriders in Space #2),14,Two,£51.51,Sequential Art,https://books.toscrape.com/catalogue/lowriders-to-the-center-of-the-earth-lowriders-in-space-2_712/index.html,https://books.toscrape.com/media/cache/b2/97/b2978e96069dd91785e5ab0bc99c022e.jpg,https://books.toscrape.com/,2026-08-05 09:17:54.800987+00:00
Love Is a Mix Tape (Music #1),14,One,£18.03,Music,https://books.toscrape.com/catalogue/love-is-a-mix-tape-music-1_711/index.html,https://books.toscrape.com/media/cache/a2/6d/a26d8449abb3381e09126eda5f4e8151.jpg,https://books.toscrape.com/,2026-08-05 09:17:55.222086+00:00
Looking for Lovely: Collecting the Moments that Matter,14,Five,£29.14,Nonfiction,https://books.toscrape.com/catalogue/looking-for-lovely-collecting-the-moments-that-matter_710/index.html,https://books.toscrape.com/media/cache/61/1e/611e1804ad968e309a5f788d4ebc1cb4.jpg,https://books.toscrape.com/,2026-08-05 09:17:55.668842+00:00
"Living Leadership by Insight: A Good Leader Achieves, a Great Leader Builds Monuments",14,Four,£46.91,Default,https://books.toscrape.com/catalogue/living-leadership-by-insight-a-good-leader-achieves-a-great-leader-builds-monuments_709/index.html,https://books.toscrape.com/media/cache/e9/5e/e95e82f09681709bb0f927341dda274e.jpg,https://books.toscrape.com/,2026-08-05 09:17:56.103963+00:00
Let It Out: A Journey Through Journaling,14,Five,£26.79,Nonfiction,https://books.toscrape.com/catalogue/let-it-out-a-journey-through-journaling_708/index.html,https://books.toscrape.com/media/cache/51/fc/51fcd3e9384894e6a53a753d2ab856ee.jpg,https://books.toscrape.com/,2026-08-05 09:17:56.406202+00:00
Lady Midnight (The Dark Artifices #1),14,Five,£16.28,Default,https://books.toscrape.com/catalogue/lady-midnight-the-dark-artifices-1_707/index.html,https://books.toscrape.com/media/cache/89/a6/89a61d48e93bc92537c0a2cb2c0094bb.jpg,https://books.toscrape.com/,2026-08-05 09:17:56.824451+00:00
"It's All Easy: Healthy, Delicious Weeknight Meals in under 30 Minutes",14,One,£19.55,Food and Drink,https://books.toscrape.com/catalogue/its-all-easy-healthy-delicious-weeknight-meals-in-under-30-minutes_706/index.html,https://books.toscrape.com/media/cache/fe/67/fe67c381d6a0c4c00a7c191d16939554.jpg,https://books.toscrape.com/,2026-08-05 09:17:57.264728+00:00
Island of Dragons (Unwanteds #7),14,One,£29.65,Fantasy,https://books.toscrape.com/catalogue/island-of-dragons-unwanteds-7_705/index.html,https://books.toscrape.com/media/cache/75/b9/75b99691594fde72ccb1831624cfeff6.jpg,https://books.toscrape.com/,2026-08-05 09:17:57.578901+00:00
I Know What I'm Doing -- and Other Lies I Tell Myself: Dispatches from a Life Under Construction,14,Four,£25.98,Humor,https://books.toscrape.com/catalogue/i-know-what-im-doing-and-other-lies-i-tell-myself-dispatches-from-a-life-under-construction_704/index.html,https://books.toscrape.com/media/cache/ea/7b/ea7bcac4b27a5bf6d4f8125bb7af3361.jpg,https://books.toscrape.com/,2026-08-05 09:17:58.032836+00:00
I Am Pilgrim (Pilgrim #1),14,Four,£10.60,Fiction,https://books.toscrape.com/catalogue/i-am-pilgrim-pilgrim-1_703/index.html,https://books.toscrape.com/media/cache/ed/07/ed07c9e7c53d4f33a6eb7d41eb0e6d4a.jpg,https://books.toscrape.com/,2026-08-05 09:17:58.456925+00:00
"Hyperbole and a Half: Unfortunate Situations, Flawed Coping Mechanisms, Mayhem, and Other Things That Happened",14,Five,£14.75,Humor,https://books.toscrape.com/catalogue/hyperbole-and-a-half-unfortunate-situations-flawed-coping-mechanisms-mayhem-and-other-things-that-happened_702/index.html,https://books.toscrape.com/media/cache/b5/a9/b5a90d1c36a96513942f006345ace3d2.jpg,https://books.toscrape.com/,2026-08-05 09:17:59.018822+00:00
"Hush, Hush (Hush, Hush #1)",14,Three,£47.02,Default,https://books.toscrape.com/catalogue/hush-hush-hush-hush-1_701/index.html,https://books.toscrape.com/media/cache/2a/b9/2ab91479fe480e964f319fa8ac6991b2.jpg,https://books.toscrape.com/,2026-08-05 09:17:59.463345+00:00
Hold Your Breath (Search and Rescue #1),14,One,£28.82,Romance,https://books.toscrape.com/catalogue/hold-your-breath-search-and-rescue-1_700/index.html,https://books.toscrape.com/media/cache/0b/89/0b89c3b317d0f89da48356a0b5959c1e.jpg,https://books.toscrape.com/,2026-08-05 09:18:00.483785+00:00
Hamilton: The Revolution,14,Three,£58.79,Nonfiction,https://books.toscrape.com/catalogue/hamilton-the-revolution_699/index.html,https://books.toscrape.com/media/cache/34/ef/34ef0844cb1fbca6ab73444087fcf0e6.jpg,https://books.toscrape.com/,2026-08-05 09:18:00.918632+00:00
Greek Mythic History,14,Five,£10.23,Default,https://books.toscrape.com/catalogue/greek-mythic-history_698/index.html,https://books.toscrape.com/media/cache/36/cf/36cf56c7bdf35aadbcc6f05a8e8d8fcb.jpg,https://books.toscrape.com/,2026-08-05 09:18:01.222762+00:00
God: The Most Unpleasant Character in All Fiction,14,Five,£30.03,Religion,https://books.toscrape.com/catalogue/god-the-most-unpleasant-character-in-all-fiction_697/index.html,https://books.toscrape.com/media/cache/1f/db/1fdb125bcb8cee71f3404b4dc293348c.jpg,https://books.toscrape.com/,2026-08-05 09:18:01.538151+00:00
Glory over Everything: Beyond The Kitchen House,14,Three,£45.84,Historical Fiction,https://books.toscrape.com/catalogue/glory-over-everything-beyond-the-kitchen-house_696/index.html,https://books.toscrape.com/media/cache/96/41/964194a317f8ce5ed031bf4c9ceb43ab.jpg,https://books.toscrape.com/,2026-08-05 09:18:01.961514+00:00
Feathers: Displays of Brilliant Plumage,14,Three,£49.05,Art,https://books.toscrape.com/catalogue/feathers-displays-of-brilliant-plumage_695/index.html,https://books.toscrape.com/media/cache/f2/ee/f2ee668cf593ff13a9560c2801e9c2a2.jpg,https://books.toscrape.com/,2026-08-05 09:18:02.401510+00:00
"Far & Away: Places on the Brink of Change: Seven Continents, Twenty-Five Years",14,Four,£15.06,Nonfiction,https://books.toscrape.com/catalogue/far-away-places-on-the-brink-of-change-seven-continents-twenty-five-years_694/index.html,https://books.toscrape.com/media/cache/11/e2/11e227bdb5fe8b43dcc2366a157a47c2.jpg,https://books.toscrape.com/,2026-08-05 09:18:02.712858+00:00
Every Last Word,14,Three,£46.47,Default,https://books.toscrape.com/catalogue/every-last-word_693/index.html,https://books.toscrape.com/media/cache/92/e7/92e7f0a8ca38964fea93e911aefbf6c9.jpg,https://books.toscrape.com/,2026-08-05 09:18:03.143931+00:00
Eligible (The Austen Project #4),14,Three,£27.09,Fiction,https://books.toscrape.com/catalogue/eligible-the-austen-project-4_692/index.html,https://books.toscrape.com/media/cache/26/3b/263bf5d128bf18553ea8da8bb19e9a0c.jpg,https://books.toscrape.com/,2026-08-05 09:18:03.445334+00:00
El Deafo,14,Five,£57.62,Sequential Art,https://books.toscrape.com/catalogue/el-deafo_691/index.html,https://books.toscrape.com/media/cache/34/eb/34eb0f1b570d4f1f6ad106652f1ac6ff.jpg,https://books.toscrape.com/,2026-08-05 09:18:03.868240+00:00
Eight Hundred Grapes,14,Four,£14.39,Fiction,https://books.toscrape.com/catalogue/eight-hundred-grapes_690/index.html,https://books.toscrape.com/media/cache/8c/01/8c011092f05791961d25ec3cfcf0a832.jpg,https://books.toscrape.com/,2026-08-05 09:18:04.188124+00:00
"Eaternity: More than 150 Deliciously Easy Vegan Recipes for a Long, Healthy, Satisfied, Joyful Life",14,Five,£51.75,Nonfiction,https://books.toscrape.com/catalogue/eaternity-more-than-150-deliciously-easy-vegan-recipes-for-a-long-healthy-satisfied-joyful-life_689/index.html,https://books.toscrape.com/media/cache/b1/e1/b1e15eef42c0d71596f9f9ad4e9f48b0.jpg,https://books.toscrape.com/,2026-08-05 09:18:04.748599+00:00
"Eat Fat, Get Thin",14,Two,£54.07,Health,https://books.toscrape.com/catalogue/eat-fat-get-thin_688/index.html,https://books.toscrape.com/media/cache/62/3f/623f8e7f7432ce744f4318aae8166ce4.jpg,https://books.toscrape.com/,2026-08-05 09:18:05.179578+00:00
Don't Get Caught,14,One,£55.35,Young Adult,https://books.toscrape.com/catalogue/dont-get-caught_687/index.html,https://books.toscrape.com/media/cache/b2/df/b2df2ea409c5cf28538b67aff424b11f.jpg,https://books.toscrape.com/,2026-08-05 09:18:05.491852+00:00
Doctor Sleep (The Shining #2),14,Two,£40.12,Horror,https://books.toscrape.com/catalogue/doctor-sleep-the-shining-2_686/index.html,https://books.toscrape.com/media/cache/55/bf/55bfc858c1cb19867e41415532ae43c6.jpg,https://books.toscrape.com/,2026-08-05 09:18:05.787955+00:00
Demigods & Magicians: Percy and Annabeth Meet the Kanes (Percy Jackson & Kane Chronicles Crossover #1-3),14,Five,£37.51,Fantasy,https://books.toscrape.com/catalogue/demigods-magicians-percy-and-annabeth-meet-the-kanes-percy-jackson-kane-chronicles-crossover-1-3_685/index.html,https://books.toscrape.com/media/cache/8f/80/8f8074d9f035c2a0ef8595ad89f7bcc8.jpg,https://books.toscrape.com/,2026-08-05 09:18:06.280994+00:00
Dear Mr. Knightley,14,Five,£11.21,Fiction,https://books.toscrape.com/catalogue/dear-mr-knightley_684/index.html,https://books.toscrape.com/media/cache/78/87/78873811f8c1d75a0c26d8cc8e6a9dbc.jpg,https://books.toscrape.com/,2026-08-05 09:18:06.707835+00:00
Daily Fantasy Sports,14,One,£36.58,Default,https://books.toscrape.com/catalogue/daily-fantasy-sports_683/index.html,https://books.toscrape.com/media/cache/44/ff/44ff81a2ea37d3946605e205ddd538eb.jpg,https://books.toscrape.com/,2026-08-05 09:18:07.129420+00:00
Crazy Love: Overwhelmed by a Relentless God,14,Two,£47.72,Christian,https://books.toscrape.com/catalogue/crazy-love-overwhelmed-by-a-relentless-god_682/index.html,https://books.toscrape.com/media/cache/03/f1/03f1e337afadba35687672b5625a9757.jpg,https://books.toscrape.com/,2026-08-05 09:18:07.424576+00:00
Cometh the Hour (The Clifton Chronicles #6),14,Three,£25.01,Fiction,https://books.toscrape.com/catalogue/cometh-the-hour-the-clifton-chronicles-6_681/index.html,https://books.toscrape.com/media/cache/55/11/5511a4296fbd484dcaa89c8a2d25965d.jpg,https://books.toscrape.com/,2026-08-05 09:18:07.714643+00:00
Code Name Verity (Code Name Verity #1),14,Four,£22.13,Add a comment,https://books.toscrape.com/catalogue/code-name-verity-code-name-verity-1_680/index.html,https://books.toscrape.com/media/cache/f5/58/f55886d1bf600529a35e1bd932c78ca0.jpg,https://books.toscrape.com/,2026-08-05 09:18:08.802261+00:00
Clockwork Angel (The Infernal Devices #1),14,One,£44.14,Default,https://books.toscrape.com/catalogue/clockwork-angel-the-infernal-devices-1_679/index.html,https://books.toscrape.com/media/cache/ff/0e/ff0ee0002f510112b6d7a88f53366e1d.jpg,https://books.toscrape.com/,2026-08-05 09:18:09.093212+00:00
City of Glass (The Mortal Instruments #3),14,Four,£56.02,Fantasy,https://books.toscrape.com/catalogue/city-of-glass-the-mortal-instruments-3_678/index.html,https://books.toscrape.com/media/cache/00/08/0008e65aa431ed3625ad3a4352f8e90d.jpg,https://books.toscrape.com/,2026-08-05 09:18:09.521375+00:00
City of Fallen Angels (The Mortal Instruments #4),14,Four,£11.23,Default,https://books.toscrape.com/catalogue/city-of-fallen-angels-the-mortal-instruments-4_677/index.html,https://books.toscrape.com/media/cache/c9/40/c940b6c329ecc39aaed2ab0140592a4b.jpg,https://books.toscrape.com/,2026-08-05 09:18:09.950779+00:00
City of Bones (The Mortal Instruments #1),14,One,£43.28,Default,https://books.toscrape.com/catalogue/city-of-bones-the-mortal-instruments-1_676/index.html,https://books.toscrape.com/media/cache/96/af/96af4aaf25ab49b057c10b5b7eb7652c.jpg,https://books.toscrape.com/,2026-08-05 09:18:10.385198+00:00
City of Ashes (The Mortal Instruments #2),14,One,£47.27,Default,https://books.toscrape.com/catalogue/city-of-ashes-the-mortal-instruments-2_675/index.html,https://books.toscrape.com/media/cache/68/da/68dab382d535305ca6025be9921df0d1.jpg,https://books.toscrape.com/,2026-08-05 09:18:10.817124+00:00
Cell,14,Four,£20.29,Add a comment,https://books.toscrape.com/catalogue/cell_674/index.html,https://books.toscrape.com/media/cache/0b/97/0b97282ed82b771ed328e05386a84adb.jpg,https://books.toscrape.com/,2026-08-05 09:18:11.244189+00:00
Catching Jordan (Hundred Oaks),14,Three,£50.83,Young Adult,https://books.toscrape.com/catalogue/catching-jordan-hundred-oaks_673/index.html,https://books.toscrape.com/media/cache/ad/ac/adac97366586d261feab30bf5220756e.jpg,https://books.toscrape.com/,2026-08-05 09:18:11.666337+00:00
"Carry On, Warrior: Thoughts on Life Unarmed",14,Three,£31.85,Default,https://books.toscrape.com/catalogue/carry-on-warrior-thoughts-on-life-unarmed_672/index.html,https://books.toscrape.com/media/cache/dd/f5/ddf5da673bb34a74a81faf7271c7ca13.jpg,https://books.toscrape.com/,2026-08-05 09:18:12.080805+00:00
Carrie,14,Two,£46.23,Default,https://books.toscrape.com/catalogue/carrie_671/index.html,https://books.toscrape.com/media/cache/c5/6f/c56f37eb53888765eb55f86fb7381c2f.jpg,https://books.toscrape.com/,2026-08-05 09:18:12.436463+00:00
Buying In: The Secret Dialogue Between What We Buy and Who We Are,14,Four,£37.80,Nonfiction,https://books.toscrape.com/catalogue/buying-in-the-secret-dialogue-between-what-we-buy-and-who-we-are_670/index.html,https://books.toscrape.com/media/cache/f2/fa/f2faa289117546efa0b4068a07778ab0.jpg,https://books.toscrape.com/,2026-08-05 09:18:12.850371+00:00
Brain on Fire: My Month of Madness,14,Five,£49.32,Nonfiction,https://books.toscrape.com/catalogue/brain-on-fire-my-month-of-madness_669/index.html,https://books.toscrape.com/media/cache/88/aa/88aad1204951e0900906173b086e6695.jpg,https://books.toscrape.com/,2026-08-05 09:18:13.147415+00:00
Batman: Europa,14,Two,£32.01,Sequential Art,https://books.toscrape.com/catalogue/batman-europa_668/index.html,https://books.toscrape.com/media/cache/f1/fe/f1fecf0ce9b5771e4d2c9619e8550988.jpg,https://books.toscrape.com/,2026-08-05 09:18:13.562390+00:00
Barefoot Contessa Back to Basics,14,One,£28.01,Food and Drink,https://books.toscrape.com/catalogue/barefoot-contessa-back-to-basics_667/index.html,https://books.toscrape.com/media/cache/b8/38/b838b65e0e1ac3a9b498dfb1bf004420.jpg,https://books.toscrape.com/,2026-08-05 09:18:13.988802+00:00
Barefoot Contessa at Home: Everyday Recipes You'll Make Over and Over Again,14,Five,£50.62,Food and Drink,https://books.toscrape.com/catalogue/barefoot-contessa-at-home-everyday-recipes-youll-make-over-and-over-again_666/index.html,https://books.toscrape.com/media/cache/74/aa/74aa29b1ba4147eaf5b46671bf235861.jpg,https://books.toscrape.com/,2026-08-05 09:18:14.406567+00:00
Balloon Animals,14,Three,£17.03,Fiction,https://books.toscrape.com/catalogue/balloon-animals_665/index.html,https://books.toscrape.com/media/cache/6e/23/6e2324cae6335e8e98c8b46597afc9a3.jpg,https://books.toscrape.com/,2026-08-05 09:18:14.823857+00:00
Art Ops Vol. 1,14,Three,£48.80,Sequential Art,https://books.toscrape.com/catalogue/art-ops-vol-1_664/index.html,https://books.toscrape.com/media/cache/0b/b4/0bb4c64f1522c033368df5567a349472.jpg,https://books.toscrape.com/,2026-08-05 09:18:15.140130+00:00
Aristotle and Dante Discover the Secrets of the Universe (Aristotle and Dante Discover the Secrets of the Universe #1),14,Four,£58.14,Young Adult,https://books.toscrape.com/catalogue/aristotle-and-dante-discover-the-secrets-of-the-universe-aristotle-and-dante-discover-the-secrets-of-the-universe-1_663/index.html,https://books.toscrape.com/media/cache/61/1a/611aba0ef5b859ba1977ef30677b0194.jpg,https://books.toscrape.com/,2026-08-05 09:18:16.791425+00:00
Angels Walking (Angels Walking #1),14,Two,£34.20,Add a comment,https://books.toscrape.com/catalogue/angels-walking-angels-walking-1_662/index.html,https://books.toscrape.com/media/cache/50/0e/500eeb810e940424827580574e46852c.jpg,https://books.toscrape.com/,2026-08-05 09:18:17.101256+00:00
Angels & Demons (Robert Langdon #1),14,Three,£51.48,Default,https://books.toscrape.com/catalogue/angels-demons-robert-langdon-1_661/index.html,https://books.toscrape.com/media/cache/b4/2a/b42a187c37de904f776070c57f51c756.jpg,https://books.toscrape.com/,2026-08-05 09:18:17.530754+00:00
All the Light We Cannot See,14,Five,£29.87,Historical,https://books.toscrape.com/catalogue/all-the-light-we-cannot-see_660/index.html,https://books.toscrape.com/media/cache/41/c3/41c37f7f0e03ee1144dd6fa89483b5d9.jpg,https://books.toscrape.com/,2026-08-05 09:18:18.533304+00:00
"Adulthood Is a Myth: A ""Sarah's Scribbles"" Collection",14,Two,£10.90,Sequential Art,https://books.toscrape.com/catalogue/adulthood-is-a-myth-a-sarahs-scribbles-collection_659/index.html,https://books.toscrape.com/media/cache/a2/b9/a2b974e5a66e7502c77d2e4632abe033.jpg,https://books.toscrape.com/,2026-08-05 09:18:18.975202+00:00
Abstract City,14,Five,£56.37,Nonfiction,https://books.toscrape.com/catalogue/abstract-city_658/index.html,https://books.toscrape.com/media/cache/e7/70/e77019ebd71bcf6badb085bddf47c413.jpg,https://books.toscrape.com/,2026-08-05 09:18:19.286611+00:00
A Time of Torment (Charlie Parker #14),14,Five,£48.35,Mystery,https://books.toscrape.com/catalogue/a-time-of-torment-charlie-parker-14_657/index.html,https://books.toscrape.com/media/cache/e8/c0/e8c0ba15066bab950ae161fd60949b9a.jpg,https://books.toscrape.com/,2026-08-05 09:18:19.609785+00:00
A Study in Scarlet (Sherlock Holmes #1),14,Two,£16.73,Mystery,https://books.toscrape.com/catalogue/a-study-in-scarlet-sherlock-holmes-1_656/index.html,https://books.toscrape.com/media/cache/8f/a4/8fa41d6caa10e427356b8a590eb4d96b.jpg,https://books.toscrape.com/,2026-08-05 09:18:19.916475+00:00
"A Series of Catastrophes and Miracles: A True Story of Love, Science, and Cancer",14,Two,£56.48,Add a comment,https://books.toscrape.com/catalogue/a-series-of-catastrophes-and-miracles-a-true-story-of-love-science-and-cancer_655/index.html,https://books.toscrape.com/media/cache/9b/20/9b2076ce7414103a093ce2459d089969.jpg,https://books.toscrape.com/,2026-08-05 09:18:20.351588+00:00
A People's History of the United States,14,Two,£40.79,Add a comment,https://books.toscrape.com/catalogue/a-peoples-history-of-the-united-states_654/index.html,https://books.toscrape.com/media/cache/75/20/75200336c141156746000f7055df344a.jpg,https://books.toscrape.com/,2026-08-05 09:18:20.664914+00:00
A Man Called Ove,14,One,£39.72,Fiction,https://books.toscrape.com/catalogue/a-man-called-ove_653/index.html,https://books.toscrape.com/media/cache/9c/f1/9cf1f4a47b8d08909fc092e6ae598d83.jpg,https://books.toscrape.com/,2026-08-05 09:18:20.974045+00:00
A Distant Mirror: The Calamitous 14th Century,14,Three,£14.58,History,https://books.toscrape.com/catalogue/a-distant-mirror-the-calamitous-14th-century_652/index.html,https://books.toscrape.com/media/cache/41/d5/41d5fa6a81cdbcbe6b0b15757a4c9144.jpg,https://books.toscrape.com/,2026-08-05 09:18:21.389936+00:00
A Brush of Wings (Angels Walking #3),14,One,£55.51,Add a comment,https://books.toscrape.com/catalogue/a-brush-of-wings-angels-walking-3_651/index.html,https://books.toscrape.com/media/cache/4d/16/4d163d43cb4aa624e599330a39abace5.jpg,https://books.toscrape.com/,2026-08-05 09:18:21.700215+00:00
1491: New Revelations of the Americas Before Columbus,14,Three,£21.80,History,https://books.toscrape.com/catalogue/1491-new-revelations-of-the-americas-before-columbus_650/index.html,https://books.toscrape.com/media/cache/88/75/8875f384ce9103281b7f6e86a2b8204d.jpg,https://books.toscrape.com/,2026-08-05 09:18:22.119087+00:00
"The Three Searches, Meaning, and the Story",13,Three,£13.33,Default,https://books.toscrape.com/catalogue/the-three-searches-meaning-and-the-story_649/index.html,https://books.toscrape.com/media/cache/83/35/8335b71599b5a257a56cfabdd79080a4.jpg,https://books.toscrape.com/,2026-08-05 09:18:22.447357+00:00
Searching for Meaning in Gailana,13,One,£38.73,Fantasy,https://books.toscrape.com/catalogue/searching-for-meaning-in-gailana_648/index.html,https://books.toscrape.com/media/cache/3b/04/3b045fe0394dc192950a0ec9e3812fe4.jpg,https://books.toscrape.com/,2026-08-05 09:18:22.746732+00:00
Rook,13,Four,£37.86,Add a comment,https://books.toscrape.com/catalogue/rook_647/index.html,https://books.toscrape.com/media/cache/55/33/5533595a623c3bb947c4a5171fc2df08.jpg,https://books.toscrape.com/,2026-08-05 09:18:23.046242+00:00
My Kitchen Year: 136 Recipes That Saved My Life,13,Two,£11.53,Food and Drink,https://books.toscrape.com/catalogue/my-kitchen-year-136-recipes-that-saved-my-life_646/index.html,https://books.toscrape.com/media/cache/76/a1/76a1516c8d9c3e620626f30840013a85.jpg,https://books.toscrape.com/,2026-08-05 09:18:23.474322+00:00
13 Hours: The Inside Account of What Really Happened In Benghazi,13,One,£27.06,Nonfiction,https://books.toscrape.com/catalogue/13-hours-the-inside-account-of-what-really-happened-in-benghazi_645/index.html,https://books.toscrape.com/media/cache/15/f7/15f78e0b04feb9b94e88865803cb5e9e.jpg,https://books.toscrape.com/,2026-08-05 09:18:23.889257+00:00
Will You Won't You Want Me?,12,Three,£13.86,Womens Fiction,https://books.toscrape.com/catalogue/will-you-wont-you-want-me_644/index.html,https://books.toscrape.com/media/cache/16/e3/16e3ca741956485119251e7442a67e2e.jpg,https://books.toscrape.com/,2026-08-05 09:18:24.197217+00:00
Tipping Point for Planet Earth: How Close Are We to the Edge?,12,One,£37.55,Science,https://books.toscrape.com/catalogue/tipping-point-for-planet-earth-how-close-are-we-to-the-edge_643/index.html,https://books.toscrape.com/media/cache/56/97/5697f2f8f628129df01c5790985ffd9b.jpg,https://books.toscrape.com/,2026-08-05 09:18:24.524771+00:00
The Star-Touched Queen,12,Five,£32.30,Fantasy,https://books.toscrape.com/catalogue/the-star-touched-queen_642/index.html,https://books.toscrape.com/media/cache/d3/0d/d30dd8b6be6f9fcfd17178e8083238b6.jpg,https://books.toscrape.com/,2026-08-05 09:18:24.820576+00:00
The Silent Sister (Riley MacPherson #1),12,Five,£46.29,Fiction,https://books.toscrape.com/catalogue/the-silent-sister-riley-macpherson-1_641/index.html,https://books.toscrape.com/media/cache/30/2c/302cd9c84442e139145ec0993880d7e0.jpg,https://books.toscrape.com/,2026-08-05 09:18:25.252251+00:00
The Midnight Watch: A Novel of the Titanic and the Californian,12,One,£26.20,Add a comment,https://books.toscrape.com/catalogue/the-midnight-watch-a-novel-of-the-titanic-and-the-californian_640/index.html,https://books.toscrape.com/media/cache/97/3a/973a2c3462a18fc90d3b9662d959df37.jpg,https://books.toscrape.com/,2026-08-05 09:18:26.171244+00:00
The Lonely City: Adventures in the Art of Being Alone,12,Two,£33.26,Nonfiction,https://books.toscrape.com/catalogue/the-lonely-city-adventures-in-the-art-of-being-alone_639/index.html,https://books.toscrape.com/media/cache/5c/5e/5c5e527fea6b17199773bb175b515aee.jpg,https://books.toscrape.com/,2026-08-05 09:18:26.514631+00:00
The Gray Rhino: How to Recognize and Act on the Obvious Dangers We Ignore,12,Four,£59.15,Add a comment,https://books.toscrape.com/catalogue/the-gray-rhino-how-to-recognize-and-act-on-the-obvious-dangers-we-ignore_638/index.html,https://books.toscrape.com/media/cache/9f/25/9f255826f354776dda9afbd5576a7add.jpg,https://books.toscrape.com/,2026-08-05 09:18:26.972916+00:00
The Golden Condom: And Other Essays on Love Lost and Found,12,One,£39.43,Psychology,https://books.toscrape.com/catalogue/the-golden-condom-and-other-essays-on-love-lost-and-found_637/index.html,https://books.toscrape.com/media/cache/dc/4d/dc4d070e33813a07a4e02f069e6d482f.jpg,https://books.toscrape.com/,2026-08-05 09:18:27.280789+00:00
The Epidemic (The Program 0.6),12,Five,£14.44,Young Adult,https://books.toscrape.com/catalogue/the-epidemic-the-program-06_636/index.html,https://books.toscrape.com/media/cache/87/cd/87cd652c35e2a78535c83becae33cff2.jpg,https://books.toscrape.com/,2026-08-05 09:18:27.605008+00:00
The Dinner Party,12,Two,£56.54,Fiction,https://books.toscrape.com/catalogue/the-dinner-party_635/index.html,https://books.toscrape.com/media/cache/ba/76/ba761d23c5c0e5a0638e04739c69c5d0.jpg,https://books.toscrape.com/,2026-08-05 09:18:28.032028+00:00
The Diary of a Young Girl,12,Three,£59.90,Nonfiction,https://books.toscrape.com/catalogue/the-diary-of-a-young-girl_634/index.html,https://books.toscrape.com/media/cache/83/d5/83d5526864a108d27fd4b03dd31ec18b.jpg,https://books.toscrape.com/,2026-08-05 09:18:28.351592+00:00
The Children,12,Three,£11.88,Add a comment,https://books.toscrape.com/catalogue/the-children_633/index.html,https://books.toscrape.com/media/cache/d8/03/d803ab341d3020a3bb280d6135e4ae65.jpg,https://books.toscrape.com/,2026-08-05 09:18:28.665089+00:00
Stars Above (The Lunar Chronicles #4.5),12,Two,£48.05,Young Adult,https://books.toscrape.com/catalogue/stars-above-the-lunar-chronicles-45_632/index.html,https://books.toscrape.com/media/cache/fd/5b/fd5b14399052ab552e240ed18ab03c6d.jpg,https://books.toscrape.com/,2026-08-05 09:18:28.960459+00:00
Snatched: How A Drug Queen Went Undercover for the DEA and Was Kidnapped By Colombian Guerillas,12,Three,£21.21,Nonfiction,https://books.toscrape.com/catalogue/snatched-how-a-drug-queen-went-undercover-for-the-dea-and-was-kidnapped-by-colombian-guerillas_631/index.html,https://books.toscrape.com/media/cache/2a/f3/2af39796852729270fb23e05a662a42c.jpg,https://books.toscrape.com/,2026-08-05 09:18:29.277369+00:00
Raspberry Pi Electronics Projects for the Evil Genius,12,Four,£49.67,Default,https://books.toscrape.com/catalogue/raspberry-pi-electronics-projects-for-the-evil-genius_630/index.html,https://books.toscrape.com/media/cache/a2/da/a2da8957b9cb8265d7f1dfeb0651f1c7.jpg,https://books.toscrape.com/,2026-08-05 09:18:29.708872+00:00
Quench Your Own Thirst: Business Lessons Learned Over a Beer or Two,12,One,£43.14,Business,https://books.toscrape.com/catalogue/quench-your-own-thirst-business-lessons-learned-over-a-beer-or-two_629/index.html,https://books.toscrape.com/media/cache/2d/fd/2dfdc52bcdbd82dee50372bc46c83e15.jpg,https://books.toscrape.com/,2026-08-05 09:18:30.023256+00:00
Psycho: Sanitarium (Psycho #1.5),12,Five,£36.97,Horror,https://books.toscrape.com/catalogue/psycho-sanitarium-psycho-15_628/index.html,https://books.toscrape.com/media/cache/02/5c/025c30a378e2a4190e84f1429e81b803.jpg,https://books.toscrape.com/,2026-08-05 09:18:30.441950+00:00
Poisonous (Max Revere Novels #3),12,Three,£26.80,Mystery,https://books.toscrape.com/catalogue/poisonous-max-revere-novels-3_627/index.html,https://books.toscrape.com/media/cache/23/52/2352718971d5e166fa9541a5a7d716fa.jpg,https://books.toscrape.com/,2026-08-05 09:18:30.756534+00:00
One with You (Crossfire #5),12,Four,£15.71,Add a comment,https://books.toscrape.com/catalogue/one-with-you-crossfire-5_626/index.html,https://books.toscrape.com/media/cache/b8/29/b829181ae95c8f020c1ad3273192de30.jpg,https://books.toscrape.com/,2026-08-05 09:18:31.187112+00:00
No Love Allowed (Dodge Cove #1),12,Four,£54.65,Young Adult,https://books.toscrape.com/catalogue/no-love-allowed-dodge-cove-1_625/index.html,https://books.toscrape.com/media/cache/70/3e/703e053877204a396ec6e7beac863118.jpg,https://books.toscrape.com/,2026-08-05 09:18:31.511758+00:00
Murder at the 42nd Street Library (Raymond Ambler #1),12,Four,£54.36,Mystery,https://books.toscrape.com/catalogue/murder-at-the-42nd-street-library-raymond-ambler-1_624/index.html,https://books.toscrape.com/media/cache/c3/8d/c38d65cd155b67ca025f0655bd1bb095.jpg,https://books.toscrape.com/,2026-08-05 09:18:32.083803+00:00
Most Wanted,12,Three,£35.28,Mystery,https://books.toscrape.com/catalogue/most-wanted_623/index.html,https://books.toscrape.com/media/cache/8b/bc/8bbc5ab4c3784b4d9b93eb0fd1fb6fd6.jpg,https://books.toscrape.com/,2026-08-05 09:18:32.399062+00:00
"Love, Lies and Spies",12,Two,£20.55,Historical Fiction,https://books.toscrape.com/catalogue/love-lies-and-spies_622/index.html,https://books.toscrape.com/media/cache/7a/22/7a224a6e174af91950e9b124afe54e0e.jpg,https://books.toscrape.com/,2026-08-05 09:18:32.702350+00:00
How to Speak Golf: An Illustrated Guide to Links Lingo,12,Five,£58.32,Default,https://books.toscrape.com/catalogue/how-to-speak-golf-an-illustrated-guide-to-links-lingo_621/index.html,https://books.toscrape.com/media/cache/d2/64/d264ad1af882ce391005dc7215ac90e7.jpg,https://books.toscrape.com/,2026-08-05 09:18:33.125900+00:00
Hide Away (Eve Duncan #20),12,One,£11.84,Mystery,https://books.toscrape.com/catalogue/hide-away-eve-duncan-20_620/index.html,https://books.toscrape.com/media/cache/57/07/5707c3d5d4fd44d943d51730ba7d429a.jpg,https://books.toscrape.com/,2026-08-05 09:18:33.977194+00:00
Furiously Happy: A Funny Book About Horrible Things,12,Four,£41.46,Nonfiction,https://books.toscrape.com/catalogue/furiously-happy-a-funny-book-about-horrible-things_619/index.html,https://books.toscrape.com/media/cache/ab/2a/ab2ae4f02aa46271b4bfc77494039fc6.jpg,https://books.toscrape.com/,2026-08-05 09:18:34.294703+00:00
Everyday Italian: 125 Simple and Delicious Recipes,12,Five,£20.10,Food and Drink,https://books.toscrape.com/catalogue/everyday-italian-125-simple-and-delicious-recipes_618/index.html,https://books.toscrape.com/media/cache/5a/64/5a6499d41ccaad4c4f7eeaa90e16345a.jpg,https://books.toscrape.com/,2026-08-05 09:18:34.725256+00:00
Equal Is Unfair: America's Misguided Fight Against Income Inequality,12,One,£56.86,Politics,https://books.toscrape.com/catalogue/equal-is-unfair-americas-misguided-fight-against-income-inequality_617/index.html,https://books.toscrape.com/media/cache/00/11/001153d2a22d889837efac1703e10a5e.jpg,https://books.toscrape.com/,2026-08-05 09:18:35.033888+00:00
Eleanor & Park,12,Five,£56.51,Default,https://books.toscrape.com/catalogue/eleanor-park_616/index.html,https://books.toscrape.com/media/cache/ed/d7/edd781d3c9d63a395f80f241445e88fa.jpg,https://books.toscrape.com/,2026-08-05 09:18:35.336464+00:00
Dirty (Dive Bar #1),12,Four,£40.83,Romance,https://books.toscrape.com/catalogue/dirty-dive-bar-1_615/index.html,https://books.toscrape.com/media/cache/ae/90/ae903f6f6d059954be4e85497dd76bf5.jpg,https://books.toscrape.com/,2026-08-05 09:18:35.771883+00:00
Can You Keep a Secret? (Fear Street Relaunch #4),12,One,£48.64,Horror,https://books.toscrape.com/catalogue/can-you-keep-a-secret-fear-street-relaunch-4_614/index.html,https://books.toscrape.com/media/cache/0b/2f/0b2f432cc27132f688fcdf29618521e0.jpg,https://books.toscrape.com/,2026-08-05 09:18:36.195012+00:00
Boar Island (Anna Pigeon #19),12,Three,£59.48,Mystery,https://books.toscrape.com/catalogue/boar-island-anna-pigeon-19_613/index.html,https://books.toscrape.com/media/cache/d5/81/d58157866ea8f015a8e4c55b23b8c96f.jpg,https://books.toscrape.com/,2026-08-05 09:18:36.642845+00:00
A Paris Apartment,12,Four,£39.01,Historical Fiction,https://books.toscrape.com/catalogue/a-paris-apartment_612/index.html,https://books.toscrape.com/media/cache/16/57/16575316618bd7e922d5b0e0f87de2ca.jpg,https://books.toscrape.com/,2026-08-05 09:18:37.093153+00:00
"A la Mode: 120 Recipes in 60 Pairings: Pies, Tarts, Cakes, Crisps, and More Topped with Ice Cream, Gelato, Frozen Custard, and More",12,One,£38.77,Food and Drink,https://books.toscrape.com/catalogue/a-la-mode-120-recipes-in-60-pairings-pies-tarts-cakes-crisps-and-more-topped-with-ice-cream-gelato-frozen-custard-and-more_611/index.html,https://books.toscrape.com/media/cache/98/19/9819ff3a8290dc6ab8797d00de5ec554.jpg,https://books.toscrape.com/,2026-08-05 09:18:37.425832+00:00
Troublemaker: Surviving Hollywood and Scientology,11,Two,£48.39,Default,https://books.toscrape.com/catalogue/troublemaker-surviving-hollywood-and-scientology_610/index.html,https://books.toscrape.com/media/cache/77/82/778285b3c87d6d5d98003aa0f2f65933.jpg,https://books.toscrape.com/,2026-08-05 09:18:37.840575+00:00
The Widow,11,Two,£27.26,Mystery,https://books.toscrape.com/catalogue/the-widow_609/index.html,https://books.toscrape.com/media/cache/fd/71/fd71fb07247bf911505a351c0670c6dc.jpg,https://books.toscrape.com/,2026-08-05 09:18:38.152774+00:00
"The Sleep Revolution: Transforming Your Life, One Night at a Time",11,Four,£11.68,Nonfiction,https://books.toscrape.com/catalogue/the-sleep-revolution-transforming-your-life-one-night-at-a-time_608/index.html,https://books.toscrape.com/media/cache/3d/c5/3dc5455313710cf7055c060114e25bf0.jpg,https://books.toscrape.com/,2026-08-05 09:18:38.478293+00:00
The Improbability of Love,11,One,£59.45,Fiction,https://books.toscrape.com/catalogue/the-improbability-of-love_607/index.html,https://books.toscrape.com/media/cache/06/49/06493269f6893cfd24b650f66df51882.jpg,https://books.toscrape.com/,2026-08-05 09:18:38.777970+00:00
The Art of Startup Fundraising,11,Three,£21.00,Business,https://books.toscrape.com/catalogue/the-art-of-startup-fundraising_606/index.html,https://books.toscrape.com/media/cache/b3/7b/b37be83183f1dcb759d92bda8f8998a4.jpg,https://books.toscrape.com/,2026-08-05 09:18:39.093861+00:00
Take Me Home Tonight (Rock Star Romance #3),11,Three,£53.98,Romance,https://books.toscrape.com/catalogue/take-me-home-tonight-rock-star-romance-3_605/index.html,https://books.toscrape.com/media/cache/a6/4b/a64b3c559f59748bfdbbe75be3e16075.jpg,https://books.toscrape.com/,2026-08-05 09:18:39.748786+00:00
Sleeping Giants (Themis Files #1),11,One,£48.74,Science Fiction,https://books.toscrape.com/catalogue/sleeping-giants-themis-files-1_604/index.html,https://books.toscrape.com/media/cache/c0/72/c072c1ef144d571abd25fe9cc18cceba.jpg,https://books.toscrape.com/,2026-08-05 09:18:40.074237+00:00
"Setting the World on Fire: The Brief, Astonishing Life of St. Catherine of Siena",11,Two,£21.15,Biography,https://books.toscrape.com/catalogue/setting-the-world-on-fire-the-brief-astonishing-life-of-st-catherine-of-siena_603/index.html,https://books.toscrape.com/media/cache/8b/c4/8bc43a6b42d0283ab4bf611f1b497126.jpg,https://books.toscrape.com/,2026-08-05 09:18:40.405088+00:00
Playing with Fire,11,Three,£13.71,Mystery,https://books.toscrape.com/catalogue/playing-with-fire_602/index.html,https://books.toscrape.com/media/cache/90/0b/900bd2e60d56b6480a4e8eb2dddb46d6.jpg,https://books.toscrape.com/,2026-08-05 09:18:42.392109+00:00
Off the Hook (Fishing for Trouble #1),11,Three,£47.67,Romance,https://books.toscrape.com/catalogue/off-the-hook-fishing-for-trouble-1_601/index.html,https://books.toscrape.com/media/cache/1d/78/1d78fe226e1adb9cb591fa21f8a9bf68.jpg,https://books.toscrape.com/,2026-08-05 09:18:42.828030+00:00
Mothering Sunday,11,Two,£13.34,Fiction,https://books.toscrape.com/catalogue/mothering-sunday_600/index.html,https://books.toscrape.com/media/cache/a8/84/a8843a3fe1a40d5c7df60bbb8cd76ecd.jpg,https://books.toscrape.com/,2026-08-05 09:18:43.842279+00:00
"Mother, Can You Not?",11,Five,£16.89,Nonfiction,https://books.toscrape.com/catalogue/mother-can-you-not_599/index.html,https://books.toscrape.com/media/cache/ae/03/ae03f5d4d4c2ee038ac4c4ce9b71e592.jpg,https://books.toscrape.com/,2026-08-05 09:18:44.135486+00:00
M Train,11,One,£27.18,Autobiography,https://books.toscrape.com/catalogue/m-train_598/index.html,https://books.toscrape.com/media/cache/d6/e8/d6e8258cee98f80727e99f7ac5aa1b88.jpg,https://books.toscrape.com/,2026-08-05 09:18:44.436511+00:00
Lilac Girls,11,Two,£17.28,Historical Fiction,https://books.toscrape.com/catalogue/lilac-girls_597/index.html,https://books.toscrape.com/media/cache/6c/2e/6c2e764e3ea89859b52df8de4f12af7a.jpg,https://books.toscrape.com/,2026-08-05 09:18:44.742585+00:00
Lies and Other Acts of Love,11,One,£45.14,Fiction,https://books.toscrape.com/catalogue/lies-and-other-acts-of-love_596/index.html,https://books.toscrape.com/media/cache/29/88/2988f5fb3dfd95214dba2ecb2d496c94.jpg,https://books.toscrape.com/,2026-08-05 09:18:45.159961+00:00
Lab Girl,11,One,£40.85,Autobiography,https://books.toscrape.com/catalogue/lab-girl_595/index.html,https://books.toscrape.com/media/cache/e9/72/e972f8b4abaaa6f8f449479cd9d87be3.jpg,https://books.toscrape.com/,2026-08-05 09:18:45.478445+00:00
Keep Me Posted,11,Four,£20.46,Womens Fiction,https://books.toscrape.com/catalogue/keep-me-posted_594/index.html,https://books.toscrape.com/media/cache/ae/ac/aeac003461b89c7ef826251d940b2afc.jpg,https://books.toscrape.com/,2026-08-05 09:18:45.788102+00:00
It Didn't Start with You: How Inherited Family Trauma Shapes Who We Are and How to End the Cycle,11,Three,£56.27,Psychology,https://books.toscrape.com/catalogue/it-didnt-start-with-you-how-inherited-family-trauma-shapes-who-we-are-and-how-to-end-the-cycle_593/index.html,https://books.toscrape.com/media/cache/ee/a9/eea9e831f8964b4dc0190c84a1f9a1f6.jpg,https://books.toscrape.com/,2026-08-05 09:18:46.105270+00:00
Grey (Fifty Shades #4),11,Four,£48.49,Womens Fiction,https://books.toscrape.com/catalogue/grey-fifty-shades-4_592/index.html,https://books.toscrape.com/media/cache/bb/ee/bbeeab4c4ce572c0e9764e3a96c6d4a5.jpg,https://books.toscrape.com/,2026-08-05 09:18:46.425352+00:00
"Exit, Pursued by a Bear",11,Four,£51.34,Young Adult,https://books.toscrape.com/catalogue/exit-pursued-by-a-bear_591/index.html,https://books.toscrape.com/media/cache/ca/99/ca99bafb2a75d4fadb8d64efed26316f.jpg,https://books.toscrape.com/,2026-08-05 09:18:46.794922+00:00
Daredevils,11,Three,£16.34,Fiction,https://books.toscrape.com/catalogue/daredevils_590/index.html,https://books.toscrape.com/media/cache/31/71/31715c5e3b53bf1e2f41e394f024a8c4.jpg,https://books.toscrape.com/,2026-08-05 09:18:47.092480+00:00
Cravings: Recipes for What You Want to Eat,11,Three,£20.50,Food and Drink,https://books.toscrape.com/catalogue/cravings-recipes-for-what-you-want-to-eat_589/index.html,https://books.toscrape.com/media/cache/ae/5c/ae5ca435fb095e374d2c2aa9f7b6f380.jpg,https://books.toscrape.com/,2026-08-05 09:18:47.397694+00:00
Born for This: How to Find the Work You Were Meant to Do,11,Five,£21.59,Business,https://books.toscrape.com/catalogue/born-for-this-how-to-find-the-work-you-were-meant-to-do_588/index.html,https://books.toscrape.com/media/cache/aa/67/aa677a97ecdcbbde7471f1c90ed0cf6f.jpg,https://books.toscrape.com/,2026-08-05 09:18:47.696248+00:00
Arena,11,Four,£21.36,Science Fiction,https://books.toscrape.com/catalogue/arena_587/index.html,https://books.toscrape.com/media/cache/51/88/518810d182843244a404f2a2a614a93b.jpg,https://books.toscrape.com/,2026-08-05 09:18:48.003949+00:00
Adultery,11,Five,£20.88,Default,https://books.toscrape.com/catalogue/adultery_586/index.html,https://books.toscrape.com/media/cache/79/d9/79d99cfa5557be0643ba00bfcd35256b.jpg,https://books.toscrape.com/,2026-08-05 09:18:48.325057+00:00
A Mother's Reckoning: Living in the Aftermath of Tragedy,11,Three,£19.53,Nonfiction,https://books.toscrape.com/catalogue/a-mothers-reckoning-living-in-the-aftermath-of-tragedy_585/index.html,https://books.toscrape.com/media/cache/28/58/285861a80930ffa7521dcb8bd19656e9.jpg,https://books.toscrape.com/,2026-08-05 09:18:48.645201+00:00
A Gentleman's Position (Society of Gentlemen #3),11,Five,£14.75,Romance,https://books.toscrape.com/catalogue/a-gentlemans-position-society-of-gentlemen-3_584/index.html,https://books.toscrape.com/media/cache/f0/e0/f0e0db3edcb14293a52b51929cc72979.jpg,https://books.toscrape.com/,2026-08-05 09:18:48.945221+00:00
11/22/63,11,Three,£48.48,Fiction,https://books.toscrape.com/catalogue/112263_583/index.html,https://books.toscrape.com/media/cache/f6/c5/f6c5d27eacb123238f28a32263694d74.jpg,https://books.toscrape.com/,2026-08-05 09:18:49.377718+00:00
"10% Happier: How I Tamed the Voice in My Head, Reduced Stress Without Losing My Edge, and Found Self-Help That Actually Works",10,Two,£24.57,Nonfiction,https://books.toscrape.com/catalogue/10-happier-how-i-tamed-the-voice-in-my-head-reduced-stress-without-losing-my-edge-and-found-self-help-that-actually-works_582/index.html,https://books.toscrape.com/media/cache/40/b2/40b246cf12df5345dc0371c040fddb4b.jpg,https://books.toscrape.com/,2026-08-05 09:18:49.842755+00:00
10-Day Green Smoothie Cleanse: Lose Up to 15 Pounds in 10 Days!,10,Five,£49.71,Health,https://books.toscrape.com/catalogue/10-day-green-smoothie-cleanse-lose-up-to-15-pounds-in-10-days_581/index.html,https://books.toscrape.com/media/cache/23/c2/23c2108ae81327c7f3fb0721976cba5e.jpg,https://books.toscrape.com/,2026-08-05 09:18:50.134612+00:00
Without Shame,9,Five,£48.27,Add a comment,https://books.toscrape.com/catalogue/without-shame_580/index.html,https://books.toscrape.com/media/cache/90/86/9086ca3d1d5c4059beb7dcf762926e1e.jpg,https://books.toscrape.com/,2026-08-05 09:18:51.505080+00:00
Watchmen,9,Four,£58.05,Add a comment,https://books.toscrape.com/catalogue/watchmen_579/index.html,https://books.toscrape.com/media/cache/0b/43/0b43137f35134bf211608d1e7197b086.jpg,https://books.toscrape.com/,2026-08-05 09:18:52.125747+00:00
Unlimited Intuition Now,9,Four,£58.87,Default,https://books.toscrape.com/catalogue/unlimited-intuition-now_578/index.html,https://books.toscrape.com/media/cache/61/46/6146f9ffb87a4f82301d033aa74cc48b.jpg,https://books.toscrape.com/,2026-08-05 09:18:52.640931+00:00
Underlying Notes,9,Two,£11.82,Default,https://books.toscrape.com/catalogue/underlying-notes_577/index.html,https://books.toscrape.com/media/cache/ee/59/ee593e57a7fb110d96f1688b0fdd9d59.jpg,https://books.toscrape.com/,2026-08-05 09:18:53.328070+00:00
The Shack,9,One,£28.03,Fiction,https://books.toscrape.com/catalogue/the-shack_576/index.html,https://books.toscrape.com/media/cache/20/8b/208b77faac57115ae239391fe2a64c86.jpg,https://books.toscrape.com/,2026-08-05 09:18:54.019529+00:00
The New Brand You: Your New Image Makes the Sale for You,9,Five,£44.05,Default,https://books.toscrape.com/catalogue/the-new-brand-you-your-new-image-makes-the-sale-for-you_575/index.html,https://books.toscrape.com/media/cache/9b/33/9b33c7a5431415614f7b788e0c1552c9.jpg,https://books.toscrape.com/,2026-08-05 09:18:54.800917+00:00
"The Moosewood Cookbook: Recipes from Moosewood Restaurant, Ithaca, New York",9,Four,£12.34,Food and Drink,https://books.toscrape.com/catalogue/the-moosewood-cookbook-recipes-from-moosewood-restaurant-ithaca-new-york_574/index.html,https://books.toscrape.com/media/cache/d4/53/d453cfb6c08dbf76d200ffa858bc9979.jpg,https://books.toscrape.com/,2026-08-05 09:18:55.337694+00:00
The Flowers Lied,9,Two,£16.68,Default,https://books.toscrape.com/catalogue/the-flowers-lied_573/index.html,https://books.toscrape.com/media/cache/a9/f0/a9f00f8505431e64db0f91df762a6d73.jpg,https://books.toscrape.com/,2026-08-05 09:18:55.844395+00:00
"The Fabric of the Cosmos: Space, Time, and the Texture of Reality",9,One,£55.91,Science,https://books.toscrape.com/catalogue/the-fabric-of-the-cosmos-space-time-and-the-texture-of-reality_572/index.html,https://books.toscrape.com/media/cache/5e/7f/5e7f7d9913d4c95d33904770c518d537.jpg,https://books.toscrape.com/,2026-08-05 09:18:56.501616+00:00
The Book of Mormon,9,Three,£24.57,Religion,https://books.toscrape.com/catalogue/the-book-of-mormon_571/index.html,https://books.toscrape.com/media/cache/83/db/83dbf86eb0fed1d99de2148eac4eb064.jpg,https://books.toscrape.com/,2026-08-05 09:18:57.006134+00:00
The Art and Science of Low Carbohydrate Living,9,Five,£52.98,Health,https://books.toscrape.com/catalogue/the-art-and-science-of-low-carbohydrate-living_570/index.html,https://books.toscrape.com/media/cache/4b/d4/4bd43108fb070ad8ebba9cdb00b14069.jpg,https://books.toscrape.com/,2026-08-05 09:18:57.667338+00:00
The Alien Club,9,One,£54.40,Young Adult,https://books.toscrape.com/catalogue/the-alien-club_569/index.html,https://books.toscrape.com/media/cache/93/d0/93d01bc6bce58e8efbf560e9e3dc3379.jpg,https://books.toscrape.com/,2026-08-05 09:18:58.168411+00:00
Suzie Snowflake: One beautiful flake (a self-esteem story),9,Five,£54.81,Novels,https://books.toscrape.com/catalogue/suzie-snowflake-one-beautiful-flake-a-self-esteem-story_568/index.html,https://books.toscrape.com/media/cache/db/cc/dbcc9d63b73ce9058d53f36465dbe2b2.jpg,https://books.toscrape.com/,2026-08-05 09:18:58.808031+00:00
Nap-a-Roo,9,One,£25.08,Childrens,https://books.toscrape.com/catalogue/nap-a-roo_567/index.html,https://books.toscrape.com/media/cache/27/1f/271faa1d7561473974d12803feb1f0a1.jpg,https://books.toscrape.com/,2026-08-05 09:18:59.294745+00:00
"NaNo What Now? Finding your editing process, revising your NaNoWriMo book and building a writing career through publishing and beyond",9,Four,£10.41,Default,https://books.toscrape.com/catalogue/nano-what-now-finding-your-editing-process-revising-your-nanowrimo-book-and-building-a-writing-career-through-publishing-and-beyond_566/index.html,https://books.toscrape.com/media/cache/f3/b9/f3b94d63844537271e86565071e5d716.jpg,https://books.toscrape.com/,2026-08-05 09:18:59.794062+00:00
Modern Day Fables,9,Two,£47.44,Default,https://books.toscrape.com/catalogue/modern-day-fables_565/index.html,https://books.toscrape.com/media/cache/79/40/79405be1357e2576e7f4b307600be914.jpg,https://books.toscrape.com/,2026-08-05 09:19:00.296304+00:00
If I Gave You God's Phone Number....: Searching for Spirituality in America,9,One,£20.91,Spirituality,https://books.toscrape.com/catalogue/if-i-gave-you-gods-phone-number-searching-for-spirituality-in-america_564/index.html,https://books.toscrape.com/media/cache/87/fe/87fe3f7f3f62c1b1b81890578c9cf294.jpg,https://books.toscrape.com/,2026-08-05 09:19:00.797546+00:00
"Fruits Basket, Vol. 9 (Fruits Basket #9)",9,Four,£33.95,Sequential Art,https://books.toscrape.com/catalogue/fruits-basket-vol-9-fruits-basket-9_563/index.html,https://books.toscrape.com/media/cache/7c/ea/7cea6ff4f6f1427739b136db35fbfad4.jpg,https://books.toscrape.com/,2026-08-05 09:19:01.306835+00:00
Dress Your Family in Corduroy and Denim,9,Three,£43.68,Humor,https://books.toscrape.com/catalogue/dress-your-family-in-corduroy-and-denim_562/index.html,https://books.toscrape.com/media/cache/df/14/df1418baa09e00b877be35066084c9dc.jpg,https://books.toscrape.com/,2026-08-05 09:19:01.821495+00:00
Don't Forget Steven,9,One,£33.23,Young Adult,https://books.toscrape.com/catalogue/dont-forget-steven_561/index.html,https://books.toscrape.com/media/cache/e7/75/e775bf9ea6343b2ee0be5166bb445bd2.jpg,https://books.toscrape.com/,2026-08-05 09:19:02.480387+00:00
Chernobyl 01:23:40: The Incredible True Story of the World's Worst Nuclear Disaster,9,Two,£35.92,Nonfiction,https://books.toscrape.com/catalogue/chernobyl-012340-the-incredible-true-story-of-the-worlds-worst-nuclear-disaster_560/index.html,https://books.toscrape.com/media/cache/5e/76/5e76a5026bd17a5b484ae2a60eec0542.jpg,https://books.toscrape.com/,2026-08-05 09:19:04.127011+00:00
Art and Fear: Observations on the Perils (and Rewards) of Artmaking,9,Four,£48.63,Art,https://books.toscrape.com/catalogue/art-and-fear-observations-on-the-perils-and-rewards-of-artmaking_559/index.html,https://books.toscrape.com/media/cache/ef/80/ef80e6100214c486562a73ce76444826.jpg,https://books.toscrape.com/,2026-08-05 09:19:04.969930+00:00
A Shard of Ice (The Black Symphony Saga #1),9,Three,£56.63,Fantasy,https://books.toscrape.com/catalogue/a-shard-of-ice-the-black-symphony-saga-1_558/index.html,https://books.toscrape.com/media/cache/27/64/27649cb5da52970f4bb2fc5234a48578.jpg,https://books.toscrape.com/,2026-08-05 09:19:05.696439+00:00
A Hero's Curse (The Unseen Chronicles #1),9,Three,£50.49,Add a comment,https://books.toscrape.com/catalogue/a-heros-curse-the-unseen-chronicles-1_557/index.html,https://books.toscrape.com/media/cache/95/68/95685fabe00befa6dc91277cde703b55.jpg,https://books.toscrape.com/,2026-08-05 09:19:06.719895+00:00
23 Degrees South: A Tropical Tale of Changing Whether...,9,Two,£35.79,Add a comment,https://books.toscrape.com/catalogue/23-degrees-south-a-tropical-tale-of-changing-whether_556/index.html,https://books.toscrape.com/media/cache/29/3e/293e31894cd2c5bf2aff452b8c818b66.jpg,https://books.toscrape.com/,2026-08-05 09:19:07.436362+00:00
"Zero to One: Notes on Startups, or How to Build the Future",8,Three,£34.06,Nonfiction,https://books.toscrape.com/catalogue/zero-to-one-notes-on-startups-or-how-to-build-the-future_555/index.html,https://books.toscrape.com/media/cache/f4/8e/f48ee738bc992a68d08eadcb4338a547.jpg,https://books.toscrape.com/,2026-08-05 09:19:08.035636+00:00
Why Not Me?,8,One,£17.76,Nonfiction,https://books.toscrape.com/catalogue/why-not-me_554/index.html,https://books.toscrape.com/media/cache/31/a6/31a61c2587add91e55a85fec33e93d15.jpg,https://books.toscrape.com/,2026-08-05 09:19:08.534506+00:00
When Breath Becomes Air,8,Two,£39.36,Nonfiction,https://books.toscrape.com/catalogue/when-breath-becomes-air_553/index.html,https://books.toscrape.com/media/cache/39/a5/39a5f0d3280010ca400eb4f5d262b950.jpg,https://books.toscrape.com/,2026-08-05 09:19:09.256354+00:00
Vagabonding: An Uncommon Guide to the Art of Long-Term World Travel,8,Two,£36.94,Travel,https://books.toscrape.com/catalogue/vagabonding-an-uncommon-guide-to-the-art-of-long-term-world-travel_552/index.html,https://books.toscrape.com/media/cache/d5/bf/d5bf0090470b0b8ea46d9c166f7895aa.jpg,https://books.toscrape.com/,2026-08-05 09:19:09.752155+00:00
The Unlikely Pilgrimage of Harold Fry (Harold Fry #1),8,Five,£43.62,Default,https://books.toscrape.com/catalogue/the-unlikely-pilgrimage-of-harold-fry-harold-fry-1_551/index.html,https://books.toscrape.com/media/cache/06/e2/06e2e125d332e2e09a64816ff915b859.jpg,https://books.toscrape.com/,2026-08-05 09:19:10.405026+00:00
The New Drawing on the Right Side of the Brain,8,Three,£43.02,Art,https://books.toscrape.com/catalogue/the-new-drawing-on-the-right-side-of-the-brain_550/index.html,https://books.toscrape.com/media/cache/6a/55/6a55ccd4bc2383f5fe915fbef8bd5a23.jpg,https://books.toscrape.com/,2026-08-05 09:19:11.232559+00:00
"The Midnight Assassin: Panic, Scandal, and the Hunt for America's First Serial Killer",8,Four,£28.45,Nonfiction,https://books.toscrape.com/catalogue/the-midnight-assassin-panic-scandal-and-the-hunt-for-americas-first-serial-killer_549/index.html,https://books.toscrape.com/media/cache/82/6c/826c590f552ce717a2972649350c8030.jpg,https://books.toscrape.com/,2026-08-05 09:19:12.239228+00:00
The Martian (The Martian #1),8,Two,£41.39,Default,https://books.toscrape.com/catalogue/the-martian-the-martian-1_548/index.html,https://books.toscrape.com/media/cache/72/ed/72ed6908c3fcf2bccf79013a65943849.jpg,https://books.toscrape.com/,2026-08-05 09:19:12.921358+00:00
The High Mountains of Portugal,8,One,£51.15,Fiction,https://books.toscrape.com/catalogue/the-high-mountains-of-portugal_547/index.html,https://books.toscrape.com/media/cache/55/00/550091fc134bbe67f562d95a6d6313f7.jpg,https://books.toscrape.com/,2026-08-05 09:19:13.430884+00:00
The Grownup,8,One,£35.88,Short Stories,https://books.toscrape.com/catalogue/the-grownup_546/index.html,https://books.toscrape.com/media/cache/f4/cb/f4cb1f9c7280bf1fd05fe33d2816080f.jpg,https://books.toscrape.com/,2026-08-05 09:19:14.095416+00:00
The E-Myth Revisited: Why Most Small Businesses Don't Work and What to Do About It,8,One,£36.91,Business,https://books.toscrape.com/catalogue/the-e-myth-revisited-why-most-small-businesses-dont-work-and-what-to-do-about-it_545/index.html,https://books.toscrape.com/media/cache/11/2c/112c55a6bcd401c3bd603f5ddb2e6b82.jpg,https://books.toscrape.com/,2026-08-05 09:19:14.785551+00:00
South of Sunshine,8,One,£28.93,Young Adult,https://books.toscrape.com/catalogue/south-of-sunshine_544/index.html,https://books.toscrape.com/media/cache/09/11/09118b974f3685483f3e4debd1f97c90.jpg,https://books.toscrape.com/,2026-08-05 09:19:15.430266+00:00
Smarter Faster Better: The Secrets of Being Productive in Life and Business,8,Five,£38.89,Nonfiction,https://books.toscrape.com/catalogue/smarter-faster-better-the-secrets-of-being-productive-in-life-and-business_543/index.html,https://books.toscrape.com/media/cache/21/88/21889b1eddaec853b02a41bdd06eef54.jpg,https://books.toscrape.com/,2026-08-05 09:19:16.110685+00:00
Silence in the Dark (Logan Point #4),8,Three,£58.33,Suspense,https://books.toscrape.com/catalogue/silence-in-the-dark-logan-point-4_542/index.html,https://books.toscrape.com/media/cache/bb/1c/bb1c91883579f1f99fe6ebf13b92c1c1.jpg,https://books.toscrape.com/,2026-08-05 09:19:16.661082+00:00
Shadows of the Past (Logan Point #1),8,Five,£39.67,Christian Fiction,https://books.toscrape.com/catalogue/shadows-of-the-past-logan-point-1_541/index.html,https://books.toscrape.com/media/cache/93/e0/93e0ec623673a8f83598c9aa7b6c94ec.jpg,https://books.toscrape.com/,2026-08-05 09:19:17.279886+00:00
Roller Girl,8,Five,£14.10,Sequential Art,https://books.toscrape.com/catalogue/roller-girl_540/index.html,https://books.toscrape.com/media/cache/b8/bd/b8bd3e5bc547c7c851689a844c9db429.jpg,https://books.toscrape.com/,2026-08-05 09:19:19.610141+00:00
Rising Strong,8,Three,£21.82,Nonfiction,https://books.toscrape.com/catalogue/rising-strong_539/index.html,https://books.toscrape.com/media/cache/3b/f3/3bf3c719382c03984ab9766803bed964.jpg,https://books.toscrape.com/,2026-08-05 09:19:20.567531+00:00
Proofs of God: Classical Arguments from Tertullian to Barth,8,One,£54.21,Philosophy,https://books.toscrape.com/catalogue/proofs-of-god-classical-arguments-from-tertullian-to-barth_538/index.html,https://books.toscrape.com/media/cache/3f/ef/3fef12d9da503693af12997c0ea0897f.jpg,https://books.toscrape.com/,2026-08-05 09:19:21.419953+00:00
Please Kill Me: The Uncensored Oral History of Punk,8,Four,£31.19,Music,https://books.toscrape.com/catalogue/please-kill-me-the-uncensored-oral-history-of-punk_537/index.html,https://books.toscrape.com/media/cache/06/f1/06f185c0be2ad6e2fe059464c03f1b47.jpg,https://books.toscrape.com/,2026-08-05 09:19:21.933392+00:00
Out of Print: City Lights Spotlight No. 14,8,Five,£53.64,Poetry,https://books.toscrape.com/catalogue/out-of-print-city-lights-spotlight-no-14_536/index.html,https://books.toscrape.com/media/cache/93/d5/93d5c64abfad9ed6a0cb2e26f19f1a1e.jpg,https://books.toscrape.com/,2026-08-05 09:19:22.765800+00:00
My Life Next Door (My Life Next Door ),8,Five,£36.39,Young Adult,https://books.toscrape.com/catalogue/my-life-next-door-my-life-next-door_535/index.html,https://books.toscrape.com/media/cache/98/00/98001a78a78ab77027145ff586d64431.jpg,https://books.toscrape.com/,2026-08-05 09:19:23.437729+00:00
Miller's Valley,8,Two,£58.54,Fiction,https://books.toscrape.com/catalogue/millers-valley_534/index.html,https://books.toscrape.com/media/cache/dc/1a/dc1a54201eff16a11e7d84eef5ea36c7.jpg,https://books.toscrape.com/,2026-08-05 09:19:24.271676+00:00
Man's Search for Meaning,8,Three,£29.48,Nonfiction,https://books.toscrape.com/catalogue/mans-search-for-meaning_533/index.html,https://books.toscrape.com/media/cache/ed/ff/edffa2eec8d96b8ddcd53d5c2eff8453.jpg,https://books.toscrape.com/,2026-08-05 09:19:25.246748+00:00
"Love That Boy: What Two Presidents, Eight Road Trips, and My Son Taught Me About a Parent's Expectations",8,Two,£25.06,Nonfiction,https://books.toscrape.com/catalogue/love-that-boy-what-two-presidents-eight-road-trips-and-my-son-taught-me-about-a-parents-expectations_532/index.html,https://books.toscrape.com/media/cache/6d/1b/6d1b236549b8d5bc9e20786a25b7e7d1.jpg,https://books.toscrape.com/,2026-08-05 09:19:25.932042+00:00
Living Forward: A Proven Plan to Stop Drifting and Get the Life You Want,8,Three,£12.55,Nonfiction,https://books.toscrape.com/catalogue/living-forward-a-proven-plan-to-stop-drifting-and-get-the-life-you-want_531/index.html,https://books.toscrape.com/media/cache/c9/76/c9767187068d80827d0967225ce3925d.jpg,https://books.toscrape.com/,2026-08-05 09:19:26.616421+00:00
Les Fleurs du Mal,8,Five,£29.04,Poetry,https://books.toscrape.com/catalogue/les-fleurs-du-mal_530/index.html,https://books.toscrape.com/media/cache/36/5b/365b3ab7ab72a6258873716aef6d5c1a.jpg,https://books.toscrape.com/,2026-08-05 09:19:27.135520+00:00
Left Behind (Left Behind #1),8,Two,£40.72,Default,https://books.toscrape.com/catalogue/left-behind-left-behind-1_529/index.html,https://books.toscrape.com/media/cache/d7/e2/d7e27f418884548ee1b551c67bcd222c.jpg,https://books.toscrape.com/,2026-08-05 09:19:27.853277+00:00
Kill 'Em and Leave: Searching for James Brown and the American Soul,8,Five,£45.05,Music,https://books.toscrape.com/catalogue/kill-em-and-leave-searching-for-james-brown-and-the-american-soul_528/index.html,https://books.toscrape.com/media/cache/85/42/8542841f5644a6daf433504f1e106e97.jpg,https://books.toscrape.com/,2026-08-05 09:19:28.304899+00:00
Kierkegaard: A Christian Missionary to Christians,8,One,£47.13,Philosophy,https://books.toscrape.com/catalogue/kierkegaard-a-christian-missionary-to-christians_527/index.html,https://books.toscrape.com/media/cache/05/ce/05ce699eaf78c0fae20308497c4f496a.jpg,https://books.toscrape.com/,2026-08-05 09:19:28.748641+00:00
John Vassos: Industrial Design for Modern Life,8,Four,£20.22,Default,https://books.toscrape.com/catalogue/john-vassos-industrial-design-for-modern-life_526/index.html,https://books.toscrape.com/media/cache/85/a1/85a19d4c20a4801013e8108a166d10af.jpg,https://books.toscrape.com/,2026-08-05 09:19:29.173215+00:00
I'll Give You the Sun,8,One,£56.48,Default,https://books.toscrape.com/catalogue/ill-give-you-the-sun_525/index.html,https://books.toscrape.com/media/cache/af/93/af933f86038dc55487b5bf1d81ff4bfb.jpg,https://books.toscrape.com/,2026-08-05 09:19:29.604115+00:00
I Will Find You,8,One,£44.21,Nonfiction,https://books.toscrape.com/catalogue/i-will-find-you_524/index.html,https://books.toscrape.com/media/cache/87/28/8728f8880e95b848021f6a9b3dcd07ca.jpg,https://books.toscrape.com/,2026-08-05 09:19:30.402039+00:00
Hystopia: A Novel,8,Four,£21.96,Fiction,https://books.toscrape.com/catalogue/hystopia-a-novel_523/index.html,https://books.toscrape.com/media/cache/2d/7b/2d7b77d8b45b2f8e1bc0ce20aacddad0.jpg,https://books.toscrape.com/,2026-08-05 09:19:30.880928+00:00
Howl and Other Poems,8,Two,£40.45,Poetry,https://books.toscrape.com/catalogue/howl-and-other-poems_522/index.html,https://books.toscrape.com/media/cache/b7/29/b7293f602efb0c17e305077f8175888a.jpg,https://books.toscrape.com/,2026-08-05 09:19:31.446709+00:00
History of Beauty,8,Four,£10.29,Art,https://books.toscrape.com/catalogue/history-of-beauty_521/index.html,https://books.toscrape.com/media/cache/58/a6/58a634c3231b5380544cc330536cb5ea.jpg,https://books.toscrape.com/,2026-08-05 09:19:31.889797+00:00
Heaven is for Real: A Little Boy's Astounding Story of His Trip to Heaven and Back,8,Two,£52.86,Default,https://books.toscrape.com/catalogue/heaven-is-for-real-a-little-boys-astounding-story-of-his-trip-to-heaven-and-back_520/index.html,https://books.toscrape.com/media/cache/58/6a/586afa8809f59bff51b89b2bc4a16129.jpg,https://books.toscrape.com/,2026-08-05 09:19:33.416733+00:00
Future Shock (Future Shock #1),8,Five,£55.65,Young Adult,https://books.toscrape.com/catalogue/future-shock-future-shock-1_519/index.html,https://books.toscrape.com/media/cache/89/10/8910c36eec96636288a9cfb61610c9fa.jpg,https://books.toscrape.com/,2026-08-05 09:19:33.831796+00:00
Ender's Game (The Ender Quintet #1),8,One,£43.64,Default,https://books.toscrape.com/catalogue/enders-game-the-ender-quintet-1_518/index.html,https://books.toscrape.com/media/cache/8a/0d/8a0d251ccece436f956df676c99e70f7.jpg,https://books.toscrape.com/,2026-08-05 09:19:34.398586+00:00
Diary of a Citizen Scientist: Chasing Tiger Beetles and Other New Ways of Engaging the World,8,One,£28.41,Science,https://books.toscrape.com/catalogue/diary-of-a-citizen-scientist-chasing-tiger-beetles-and-other-new-ways-of-engaging-the-world_517/index.html,https://books.toscrape.com/media/cache/33/4f/334fd0ebdf0c0192baf5914d199c53b5.jpg,https://books.toscrape.com/,2026-08-05 09:19:34.852011+00:00
Death by Leisure: A Cautionary Tale,8,Four,£37.51,Default,https://books.toscrape.com/catalogue/death-by-leisure-a-cautionary-tale_516/index.html,https://books.toscrape.com/media/cache/7d/16/7d16c126f85826628bf9dcccd7a66b32.jpg,https://books.toscrape.com/,2026-08-05 09:19:35.287103+00:00
Brilliant Beacons: A History of the American Lighthouse,8,Three,£11.45,History,https://books.toscrape.com/catalogue/brilliant-beacons-a-history-of-the-american-lighthouse_515/index.html,https://books.toscrape.com/media/cache/56/cb/56cb66d73fb438d64af14dce8bd8b22b.jpg,https://books.toscrape.com/,2026-08-05 09:19:35.578649+00:00
Brazen: The Courage to Find the You That's Been Hiding,8,Two,£19.22,Nonfiction,https://books.toscrape.com/catalogue/brazen-the-courage-to-find-the-you-thats-been-hiding_514/index.html,https://books.toscrape.com/media/cache/3a/4f/3a4fb30cfc5742f4726bc9f807b66cda.jpg,https://books.toscrape.com/,2026-08-05 09:19:36.119775+00:00
Between the World and Me,8,Four,£56.91,Nonfiction,https://books.toscrape.com/catalogue/between-the-world-and-me_513/index.html,https://books.toscrape.com/media/cache/73/45/7345c412c4c821f131d3c159e027c3a0.jpg,https://books.toscrape.com/,2026-08-05 09:19:36.564635+00:00
Being Mortal: Medicine and What Matters in the End,8,Four,£55.06,Nonfiction,https://books.toscrape.com/catalogue/being-mortal-medicine-and-what-matters-in-the-end_512/index.html,https://books.toscrape.com/media/cache/c7/7f/c77fdad22e40b8b923ec6c5b1f5a740f.jpg,https://books.toscrape.com/,2026-08-05 09:19:37.281521+00:00
"A Murder Over a Girl: Justice, Gender, Junior High",8,Three,£13.20,Nonfiction,https://books.toscrape.com/catalogue/a-murder-over-a-girl-justice-gender-junior-high_511/index.html,https://books.toscrape.com/media/cache/56/31/56313728d302c83f2a8c70fba635ce33.jpg,https://books.toscrape.com/,2026-08-05 09:19:37.723853+00:00
32 Yolks,8,Two,£53.63,Food and Drink,https://books.toscrape.com/catalogue/32-yolks_510/index.html,https://books.toscrape.com/media/cache/1d/1f/1d1fbd89f0290275b9166877663ee9f5.jpg,https://books.toscrape.com/,2026-08-05 09:19:38.026235+00:00
"""Most Blessed of the Patriarchs"": Thomas Jefferson and the Empire of the Imagination",8,Five,£44.48,History,https://books.toscrape.com/catalogue/most-blessed-of-the-patriarchs-thomas-jefferson-and-the-empire-of-the-imagination_509/index.html,https://books.toscrape.com/media/cache/11/af/11af7fbd6aec06a75fe207fae92b17e0.jpg,https://books.toscrape.com/,2026-08-05 09:19:38.338402+00:00
You Are a Badass: How to Stop Doubting Your Greatness and Start Living an Awesome Life,7,Three,£12.08,Self Help,https://books.toscrape.com/catalogue/you-are-a-badass-how-to-stop-doubting-your-greatness-and-start-living-an-awesome-life_508/index.html,https://books.toscrape.com/media/cache/9e/15/9e15d7add5090ff2a17bd71ac96aa55a.jpg,https://books.toscrape.com/,2026-08-05 09:19:38.780520+00:00
Wildlife of New York: A Five-Borough Coloring Book,7,Two,£22.14,Default,https://books.toscrape.com/catalogue/wildlife-of-new-york-a-five-borough-coloring-book_507/index.html,https://books.toscrape.com/media/cache/0c/07/0c07b114195b45c156f7f1e23820c49a.jpg,https://books.toscrape.com/,2026-08-05 09:19:39.234116+00:00
What Happened on Beale Street (Secrets of the South Mysteries #2),7,Five,£25.37,Mystery,https://books.toscrape.com/catalogue/what-happened-on-beale-street-secrets-of-the-south-mysteries-2_506/index.html,https://books.toscrape.com/media/cache/c7/ab/c7abb5e32bd37118a87523dcee0a70a6.jpg,https://books.toscrape.com/,2026-08-05 09:19:39.690838+00:00
Unreasonable Hope: Finding Faith in the God Who Brings Purpose to Your Pain,7,Two,£46.33,Spirituality,https://books.toscrape.com/catalogue/unreasonable-hope-finding-faith-in-the-god-who-brings-purpose-to-your-pain_505/index.html,https://books.toscrape.com/media/cache/8b/10/8b102daec94d1ea9c6fc36dd3ec1c1fe.jpg,https://books.toscrape.com/,2026-08-05 09:19:40.126794+00:00
Under the Tuscan Sun,7,Three,£37.33,Travel,https://books.toscrape.com/catalogue/under-the-tuscan-sun_504/index.html,https://books.toscrape.com/media/cache/98/c2/98c2e95c5fd1a4e7cd5f2b63c52826cb.jpg,https://books.toscrape.com/,2026-08-05 09:19:40.438303+00:00
Toddlers Are A**holes: It's Not Your Fault,7,One,£25.55,Humor,https://books.toscrape.com/catalogue/toddlers-are-aholes-its-not-your-fault_503/index.html,https://books.toscrape.com/media/cache/4c/30/4c3041def6f29659e009f61e45e492b0.jpg,https://books.toscrape.com/,2026-08-05 09:19:40.890678+00:00
The Year of Living Biblically: One Man's Humble Quest to Follow the Bible as Literally as Possible,7,One,£34.72,Default,https://books.toscrape.com/catalogue/the-year-of-living-biblically-one-mans-humble-quest-to-follow-the-bible-as-literally-as-possible_502/index.html,https://books.toscrape.com/media/cache/8e/43/8e4335b369bdad5ccc1551e5592f89ac.jpg,https://books.toscrape.com/,2026-08-05 09:19:41.335632+00:00
The Whale,7,Four,£35.96,Childrens,https://books.toscrape.com/catalogue/the-whale_501/index.html,https://books.toscrape.com/media/cache/6c/18/6c18ea03e294bfcfe07cf531c6c5f5b3.jpg,https://books.toscrape.com/,2026-08-05 09:19:41.636152+00:00
The Story of Art,7,Four,£41.14,Art,https://books.toscrape.com/catalogue/the-story-of-art_500/index.html,https://books.toscrape.com/media/cache/bb/36/bb364a10868756d1c0877c928b43b533.jpg,https://books.toscrape.com/,2026-08-05 09:19:42.740499+00:00
The Origin of Species,7,Four,£10.01,Science,https://books.toscrape.com/catalogue/the-origin-of-species_499/index.html,https://books.toscrape.com/media/cache/da/0d/da0d13699a090516502257a4d7da623f.jpg,https://books.toscrape.com/,2026-08-05 09:19:43.179575+00:00
The Great Gatsby,7,Four,£36.05,Default,https://books.toscrape.com/catalogue/the-great-gatsby_498/index.html,https://books.toscrape.com/media/cache/28/cb/28cb7a5e23c1339a0d6aafd5e7e190d6.jpg,https://books.toscrape.com/,2026-08-05 09:19:43.479094+00:00
The Good Girl,7,Three,£49.03,Default,https://books.toscrape.com/catalogue/the-good-girl_497/index.html,https://books.toscrape.com/media/cache/e2/71/e2718be90a081b33d2606a386b073998.jpg,https://books.toscrape.com/,2026-08-05 09:19:43.899295+00:00
The Glass Castle,7,One,£16.24,Add a comment,https://books.toscrape.com/catalogue/the-glass-castle_496/index.html,https://books.toscrape.com/media/cache/e0/e9/e0e97d416322d9728df7d9e589d6a998.jpg,https://books.toscrape.com/,2026-08-05 09:19:44.354814+00:00
The Faith of Christopher Hitchens: The Restless Soul of the World's Most Notorious Atheist,7,One,£39.55,Biography,https://books.toscrape.com/catalogue/the-faith-of-christopher-hitchens-the-restless-soul-of-the-worlds-most-notorious-atheist_495/index.html,https://books.toscrape.com/media/cache/cc/a4/cca4e6a4cd5c207e7ce7d992ff464c3b.jpg,https://books.toscrape.com/,2026-08-05 09:19:44.665753+00:00
The Drowning Girls,7,Three,£35.67,Add a comment,https://books.toscrape.com/catalogue/the-drowning-girls_494/index.html,https://books.toscrape.com/media/cache/f5/d9/f5d90537f3bed5ad7c8971190beb0730.jpg,https://books.toscrape.com/,2026-08-05 09:19:45.077185+00:00
The Constant Princess (The Tudor Court #1),7,Three,£16.62,Historical Fiction,https://books.toscrape.com/catalogue/the-constant-princess-the-tudor-court-1_493/index.html,https://books.toscrape.com/media/cache/fc/80/fc80b999ff4b8ef24b7071f62d2bf6d1.jpg,https://books.toscrape.com/,2026-08-05 09:19:45.369714+00:00
The Bourne Identity (Jason Bourne #1),7,Four,£42.78,Fiction,https://books.toscrape.com/catalogue/the-bourne-identity-jason-bourne-1_492/index.html,https://books.toscrape.com/media/cache/40/8d/408d93b27ce8c9cfb3bf66c17e9a54ab.jpg,https://books.toscrape.com/,2026-08-05 09:19:45.787003+00:00
The Bachelor Girl's Guide to Murder (Herringford and Watts Mysteries #1),7,Five,£52.30,Mystery,https://books.toscrape.com/catalogue/the-bachelor-girls-guide-to-murder-herringford-and-watts-mysteries-1_491/index.html,https://books.toscrape.com/media/cache/95/d7/95d7541679fcbd579b8a4f2b47231aaf.jpg,https://books.toscrape.com/,2026-08-05 09:19:46.083097+00:00
The Art Book,7,Two,£32.34,Art,https://books.toscrape.com/catalogue/the-art-book_490/index.html,https://books.toscrape.com/media/cache/99/51/99511f4da1a4a2114e2ed12e6ba17b65.jpg,https://books.toscrape.com/,2026-08-05 09:19:46.504662+00:00
The 7 Habits of Highly Effective People: Powerful Lessons in Personal Change,7,Four,£33.17,Default,https://books.toscrape.com/catalogue/the-7-habits-of-highly-effective-people-powerful-lessons-in-personal-change_489/index.html,https://books.toscrape.com/media/cache/c9/c3/c9c3d568ff6ddb98bde01c9d0b1d920a.jpg,https://books.toscrape.com/,2026-08-05 09:19:46.814731+00:00
Team of Rivals: The Political Genius of Abraham Lincoln,7,Five,£20.12,Add a comment,https://books.toscrape.com/catalogue/team-of-rivals-the-political-genius-of-abraham-lincoln_488/index.html,https://books.toscrape.com/media/cache/56/75/567575381760b5c1ec018d10d350fc5f.jpg,https://books.toscrape.com/,2026-08-05 09:19:47.245437+00:00
Steal Like an Artist: 10 Things Nobody Told You About Being Creative,7,Two,£20.90,Default,https://books.toscrape.com/catalogue/steal-like-an-artist-10-things-nobody-told-you-about-being-creative_487/index.html,https://books.toscrape.com/media/cache/5f/17/5f17f0e06d7d67717eff3833d309a233.jpg,https://books.toscrape.com/,2026-08-05 09:19:47.685747+00:00
"Sit, Stay, Love",7,Three,£20.90,Romance,https://books.toscrape.com/catalogue/sit-stay-love_486/index.html,https://books.toscrape.com/media/cache/8e/40/8e408552c2e7ee81cd60c03c79f604af.jpg,https://books.toscrape.com/,2026-08-05 09:19:47.979774+00:00
Sister Dear,7,Four,£40.20,Fiction,https://books.toscrape.com/catalogue/sister-dear_485/index.html,https://books.toscrape.com/media/cache/fa/57/fa570b7a0fb42252f61e1e750c79d417.jpg,https://books.toscrape.com/,2026-08-05 09:19:48.283289+00:00
"Shrunken Treasures: Literary Classics, Short, Sweet, and Silly",7,Three,£52.87,Childrens,https://books.toscrape.com/catalogue/shrunken-treasures-literary-classics-short-sweet-and-silly_484/index.html,https://books.toscrape.com/media/cache/4f/1e/4f1ece2500f8dbacecca42d57befca03.jpg,https://books.toscrape.com/,2026-08-05 09:19:48.634763+00:00
"Rich Dad, Poor Dad",7,One,£51.74,Business,https://books.toscrape.com/catalogue/rich-dad-poor-dad_483/index.html,https://books.toscrape.com/media/cache/18/f4/18f45d31e3892fee589e23f15d759ee3.jpg,https://books.toscrape.com/,2026-08-05 09:19:49.072961+00:00
Raymie Nightingale,7,Two,£34.41,Childrens,https://books.toscrape.com/catalogue/raymie-nightingale_482/index.html,https://books.toscrape.com/media/cache/8f/66/8f66ec46e671d6fca79649c10c7c8f8a.jpg,https://books.toscrape.com/,2026-08-05 09:19:49.503867+00:00
Playing from the Heart,7,One,£32.38,Childrens,https://books.toscrape.com/catalogue/playing-from-the-heart_481/index.html,https://books.toscrape.com/media/cache/1c/eb/1cebdf525ebe970a1dc3c5a8c50eae6b.jpg,https://books.toscrape.com/,2026-08-05 09:19:49.835088+00:00
Nightstruck: A Novel,7,Four,£50.35,Young Adult,https://books.toscrape.com/catalogue/nightstruck-a-novel_480/index.html,https://books.toscrape.com/media/cache/c0/df/c0dfd5388bb38b9c24da2e94534e1198.jpg,https://books.toscrape.com/,2026-08-05 09:19:50.741299+00:00
"Naturally Lean: 125 Nourishing Gluten-Free, Plant-Based Recipes--All Under 300 Calories",7,Five,£11.38,Food and Drink,https://books.toscrape.com/catalogue/naturally-lean-125-nourishing-gluten-free-plant-based-recipes-all-under-300-calories_479/index.html,https://books.toscrape.com/media/cache/e6/b6/e6b66353f9325518994dd8b564290fd7.jpg,https://books.toscrape.com/,2026-08-05 09:19:51.171368+00:00
Meternity,7,Three,£43.58,Womens Fiction,https://books.toscrape.com/catalogue/meternity_478/index.html,https://books.toscrape.com/media/cache/39/e3/39e33ebef2d7a35dd6899541eba8306d.jpg,https://books.toscrape.com/,2026-08-05 09:19:51.476894+00:00
Memoirs of a Geisha,7,Three,£49.67,Fiction,https://books.toscrape.com/catalogue/memoirs-of-a-geisha_477/index.html,https://books.toscrape.com/media/cache/41/80/4180406c788ff3e0f37cd4491a260a5b.jpg,https://books.toscrape.com/,2026-08-05 09:19:51.787131+00:00
Like Never Before (Walker Family #2),7,Two,£28.77,Christian Fiction,https://books.toscrape.com/catalogue/like-never-before-walker-family-2_476/index.html,https://books.toscrape.com/media/cache/17/e2/17e264d978942f73b859fa1c1d2cf827.jpg,https://books.toscrape.com/,2026-08-05 09:19:52.108987+00:00
Life of Pi,7,Four,£13.22,Default,https://books.toscrape.com/catalogue/life-of-pi_475/index.html,https://books.toscrape.com/media/cache/e7/ae/e7aee104ca78dac961bd906294fe88f1.jpg,https://books.toscrape.com/,2026-08-05 09:19:52.423325+00:00
Leave This Song Behind: Teen Poetry at Its Best,7,Five,£51.17,Poetry,https://books.toscrape.com/catalogue/leave-this-song-behind-teen-poetry-at-its-best_474/index.html,https://books.toscrape.com/media/cache/31/c7/31c7c5ce7b04d227aa36ecb250b9dad5.jpg,https://books.toscrape.com/,2026-08-05 09:19:52.743015+00:00
King's Folly (The Kinsman Chronicles #1),7,Five,£39.61,Fantasy,https://books.toscrape.com/catalogue/kings-folly-the-kinsman-chronicles-1_473/index.html,https://books.toscrape.com/media/cache/3e/2d/3e2d526ee062008ab1cbf54f90a5abb2.jpg,https://books.toscrape.com/,2026-08-05 09:19:53.170161+00:00
John Adams,7,Four,£57.43,Add a comment,https://books.toscrape.com/catalogue/john-adams_472/index.html,https://books.toscrape.com/media/cache/59/b4/59b4f94b4dc4c7cb844a6f24a5e2a41e.jpg,https://books.toscrape.com/,2026-08-05 09:19:53.621133+00:00
How to Cook Everything Vegetarian: Simple Meatless Recipes for Great Food (How to Cook Everything),7,Four,£46.01,Food and Drink,https://books.toscrape.com/catalogue/how-to-cook-everything-vegetarian-simple-meatless-recipes-for-great-food-how-to-cook-everything_471/index.html,https://books.toscrape.com/media/cache/59/2d/592dc2dee11b798780f5ae613b970a34.jpg,https://books.toscrape.com/,2026-08-05 09:19:53.925470+00:00
How to Be a Domestic Goddess: Baking and the Art of Comfort Cooking,7,Two,£28.25,Food and Drink,https://books.toscrape.com/catalogue/how-to-be-a-domestic-goddess-baking-and-the-art-of-comfort-cooking_470/index.html,https://books.toscrape.com/media/cache/e2/5c/e25cbc27ebc12e47cdf3f7adc87cccdc.jpg,https://books.toscrape.com/,2026-08-05 09:19:54.374277+00:00
Good in Bed (Cannie Shapiro #1),7,Five,£37.05,Add a comment,https://books.toscrape.com/catalogue/good-in-bed-cannie-shapiro-1_469/index.html,https://books.toscrape.com/media/cache/1d/f4/1df443b1bd6d7a1d804b4780a666438f.jpg,https://books.toscrape.com/,2026-08-05 09:19:54.693808+00:00
"Fruits Basket, Vol. 7 (Fruits Basket #7)",7,One,£19.57,Sequential Art,https://books.toscrape.com/catalogue/fruits-basket-vol-7-fruits-basket-7_468/index.html,https://books.toscrape.com/media/cache/b4/36/b43672509477baa090e57ebeacbb28fb.jpg,https://books.toscrape.com/,2026-08-05 09:19:55.052761+00:00
For the Love: Fighting for Grace in a World of Impossible Standards,7,Three,£45.13,Nonfiction,https://books.toscrape.com/catalogue/for-the-love-fighting-for-grace-in-a-world-of-impossible-standards_467/index.html,https://books.toscrape.com/media/cache/a7/d8/a7d8fda2a874567aab8f61b2b141a5e2.jpg,https://books.toscrape.com/,2026-08-05 09:19:56.544138+00:00
Finding God in the Ruins: How God Redeems Pain,7,Two,£46.64,Nonfiction,https://books.toscrape.com/catalogue/finding-god-in-the-ruins-how-god-redeems-pain_466/index.html,https://books.toscrape.com/media/cache/ae/2c/ae2ce9662ed6da3de501ff87551ccb2d.jpg,https://books.toscrape.com/,2026-08-05 09:19:56.996953+00:00
Every Heart a Doorway (Every Heart A Doorway #1),7,Five,£12.16,Fantasy,https://books.toscrape.com/catalogue/every-heart-a-doorway-every-heart-a-doorway-1_465/index.html,https://books.toscrape.com/media/cache/50/d4/50d41a24990208deb72c9802a6c1e540.jpg,https://books.toscrape.com/,2026-08-05 09:19:57.422244+00:00
Delivering the Truth (Quaker Midwife Mystery #1),7,Four,£20.89,Mystery,https://books.toscrape.com/catalogue/delivering-the-truth-quaker-midwife-mystery-1_464/index.html,https://books.toscrape.com/media/cache/57/31/5731a5d46c2c1e88977eb5e6d1337a2e.jpg,https://books.toscrape.com/,2026-08-05 09:19:57.996403+00:00
Counted With the Stars (Out from Egypt #1),7,Five,£17.97,Christian Fiction,https://books.toscrape.com/catalogue/counted-with-the-stars-out-from-egypt-1_463/index.html,https://books.toscrape.com/media/cache/32/2c/322c1f6cce6d5a69a7d2321779195a0c.jpg,https://books.toscrape.com/,2026-08-05 09:19:58.434395+00:00
"Chronicles, Vol. 1",7,Two,£52.60,Music,https://books.toscrape.com/catalogue/chronicles-vol-1_462/index.html,https://books.toscrape.com/media/cache/11/fc/11fc94453c4dc0d68543971d7843afb0.jpg,https://books.toscrape.com/,2026-08-05 09:19:58.876974+00:00
Blue Like Jazz: Nonreligious Thoughts on Christian Spirituality,7,One,£25.77,Christian,https://books.toscrape.com/catalogue/blue-like-jazz-nonreligious-thoughts-on-christian-spirituality_461/index.html,https://books.toscrape.com/media/cache/a2/f5/a2f5b5fd4421d56d37c73a7fb29f5f40.jpg,https://books.toscrape.com/,2026-08-05 09:19:59.297312+00:00
Benjamin Franklin: An American Life,7,Three,£48.19,Biography,https://books.toscrape.com/catalogue/benjamin-franklin-an-american-life_460/index.html,https://books.toscrape.com/media/cache/25/f8/25f869fa75340fca0fc2a68e8a0412a1.jpg,https://books.toscrape.com/,2026-08-05 09:20:00.334093+00:00
"At The Existentialist Café: Freedom, Being, and apricot cocktails with: Jean-Paul Sartre, Simone de Beauvoir, Albert Camus, Martin Heidegger, Edmund Husserl, Karl Jaspers, Maurice Merleau-Ponty and others",7,Five,£29.93,Philosophy,https://books.toscrape.com/catalogue/at-the-existentialist-cafe-freedom-being-and-apricot-cocktails-with-jean-paul-sartre-simone-de-beauvoir-albert-camus-martin-heidegger-edmund-husserl-karl-jaspers-maurice-merleau-ponty-and-others_459/index.html,https://books.toscrape.com/media/cache/de/76/de76d5c473c358bd41c03cf710692bfb.jpg,https://books.toscrape.com/,2026-08-05 09:20:00.755912+00:00
A Summer In Europe,7,Two,£44.34,Travel,https://books.toscrape.com/catalogue/a-summer-in-europe_458/index.html,https://books.toscrape.com/media/cache/4e/15/4e15150388702ebca2c5a523ac270539.jpg,https://books.toscrape.com/,2026-08-05 09:20:01.065075+00:00
A Short History of Nearly Everything,7,Five,£52.40,History,https://books.toscrape.com/catalogue/a-short-history-of-nearly-everything_457/index.html,https://books.toscrape.com/media/cache/3c/f6/3cf646523ff7fb8647c500d6325cfcaf.jpg,https://books.toscrape.com/,2026-08-05 09:20:01.497727+00:00
A Gathering of Shadows (Shades of Magic #2),7,Four,£44.81,Fantasy,https://books.toscrape.com/catalogue/a-gathering-of-shadows-shades-of-magic-2_456/index.html,https://books.toscrape.com/media/cache/48/b2/48b20fcc9ab722729de2c4da3d4de26e.jpg,https://books.toscrape.com/,2026-08-05 09:20:01.813532+00:00
The Sound Of Love,6,Five,£57.84,Default,https://books.toscrape.com/catalogue/the-sound-of-love_455/index.html,https://books.toscrape.com/media/cache/4e/3a/4e3a151bbe2629a55df09fd318fdeb0a.jpg,https://books.toscrape.com/,2026-08-05 09:20:02.259709+00:00
The Rise and Fall of the Third Reich: A History of Nazi Germany,6,Two,£39.67,History,https://books.toscrape.com/catalogue/the-rise-and-fall-of-the-third-reich-a-history-of-nazi-germany_454/index.html,https://books.toscrape.com/media/cache/e1/02/e102cefae5bb523bc67eb6b49bc18b5d.jpg,https://books.toscrape.com/,2026-08-05 09:20:02.571295+00:00
The Perks of Being a Wallflower,6,Three,£55.02,Default,https://books.toscrape.com/catalogue/the-perks-of-being-a-wallflower_453/index.html,https://books.toscrape.com/media/cache/ca/5b/ca5b33c09daab4667ed37b330de889bd.jpg,https://books.toscrape.com/,2026-08-05 09:20:02.886196+00:00
The Mysterious Affair at Styles (Hercule Poirot #1),6,Four,£24.80,Mystery,https://books.toscrape.com/catalogue/the-mysterious-affair-at-styles-hercule-poirot-1_452/index.html,https://books.toscrape.com/media/cache/32/94/3294e5eaf73a37958583483fc9a90f04.jpg,https://books.toscrape.com/,2026-08-05 09:20:03.196296+00:00
The Man Who Mistook His Wife for a Hat and Other Clinical Tales,6,Four,£59.45,Nonfiction,https://books.toscrape.com/catalogue/the-man-who-mistook-his-wife-for-a-hat-and-other-clinical-tales_451/index.html,https://books.toscrape.com/media/cache/92/fe/92fe1c1823653412fe68be2c525dfc3a.jpg,https://books.toscrape.com/,2026-08-05 09:20:03.629286+00:00
The Makings of a Fatherless Child,6,Two,£31.58,Default,https://books.toscrape.com/catalogue/the-makings-of-a-fatherless-child_450/index.html,https://books.toscrape.com/media/cache/6f/6c/6f6c7560e254f8242f86ef048f1ba7b3.jpg,https://books.toscrape.com/,2026-08-05 09:20:03.950628+00:00
The Joy of Cooking,6,Four,£43.27,Add a comment,https://books.toscrape.com/catalogue/the-joy-of-cooking_449/index.html,https://books.toscrape.com/media/cache/05/8e/058ebff59d12ebe40df1844bedd9366b.jpg,https://books.toscrape.com/,2026-08-05 09:20:04.256254+00:00
The Invention of Wings,6,One,£37.34,Historical Fiction,https://books.toscrape.com/catalogue/the-invention-of-wings_448/index.html,https://books.toscrape.com/media/cache/62/fa/62fa1e72f06f05762db5d9cedf654153.jpg,https://books.toscrape.com/,2026-08-05 09:20:04.693747+00:00
The Hobbit (Middle-Earth Universe),6,Five,£17.80,Default,https://books.toscrape.com/catalogue/the-hobbit-middle-earth-universe_447/index.html,https://books.toscrape.com/media/cache/8b/d3/8bd38de5367fc675467431f343862569.jpg,https://books.toscrape.com/,2026-08-05 09:20:05.131511+00:00
The Great Railway Bazaar,6,One,£30.54,Travel,https://books.toscrape.com/catalogue/the-great-railway-bazaar_446/index.html,https://books.toscrape.com/media/cache/76/de/76de41867f323d7f1f4fbe2fdfc1b2ba.jpg,https://books.toscrape.com/,2026-08-05 09:20:05.581607+00:00
The Golden Compass (His Dark Materials #1),6,One,£18.77,Add a comment,https://books.toscrape.com/catalogue/the-golden-compass-his-dark-materials-1_445/index.html,https://books.toscrape.com/media/cache/e7/9f/e79f81bfea1cb8b0503db022b64da713.jpg,https://books.toscrape.com/,2026-08-05 09:20:06.129857+00:00
The God Delusion,6,Three,£46.85,Add a comment,https://books.toscrape.com/catalogue/the-god-delusion_444/index.html,https://books.toscrape.com/media/cache/36/64/36643d44134c8a227988927013805e61.jpg,https://books.toscrape.com/,2026-08-05 09:20:06.563416+00:00
The Girl You Left Behind (The Girl You Left Behind #1),6,One,£15.79,Historical,https://books.toscrape.com/catalogue/the-girl-you-left-behind-the-girl-you-left-behind-1_443/index.html,https://books.toscrape.com/media/cache/d0/b6/d0b6d59c0662dcbd15d47add40af1ebd.jpg,https://books.toscrape.com/,2026-08-05 09:20:06.867841+00:00
The Fellowship of the Ring (The Lord of the Rings #1),6,Two,£10.27,Default,https://books.toscrape.com/catalogue/the-fellowship-of-the-ring-the-lord-of-the-rings-1_442/index.html,https://books.toscrape.com/media/cache/ed/75/ed75000b92734d99b76a17954857327c.jpg,https://books.toscrape.com/,2026-08-05 09:20:07.179403+00:00
The Collected Poems of W.B. Yeats (The Collected Works of W.B. Yeats #1),6,Five,£15.42,Poetry,https://books.toscrape.com/catalogue/the-collected-poems-of-wb-yeats-the-collected-works-of-wb-yeats-1_441/index.html,https://books.toscrape.com/media/cache/7e/93/7e934132cd03486649fb492fe702f704.jpg,https://books.toscrape.com/,2026-08-05 09:20:07.620237+00:00
The Barefoot Contessa Cookbook,6,Five,£59.92,Food and Drink,https://books.toscrape.com/catalogue/the-barefoot-contessa-cookbook_440/index.html,https://books.toscrape.com/media/cache/dd/07/dd07bd0c443756b9dc260813c1949b4f.jpg,https://books.toscrape.com/,2026-08-05 09:20:08.528983+00:00
Tell the Wolves I'm Home,6,Two,£50.96,Young Adult,https://books.toscrape.com/catalogue/tell-the-wolves-im-home_439/index.html,https://books.toscrape.com/media/cache/f9/72/f972e744117c9d4b5fefb3410c0e9f7c.jpg,https://books.toscrape.com/,2026-08-05 09:20:08.979010+00:00
Ship Leaves Harbor: Essays on Travel by a Recovering Journeyman,6,Three,£30.60,Default,https://books.toscrape.com/catalogue/ship-leaves-harbor-essays-on-travel-by-a-recovering-journeyman_438/index.html,https://books.toscrape.com/media/cache/31/b0/31b0e0a42826b326e43235beb8ddd783.jpg,https://books.toscrape.com/,2026-08-05 09:20:09.404868+00:00
Pride and Prejudice,6,Four,£19.27,Add a comment,https://books.toscrape.com/catalogue/pride-and-prejudice_437/index.html,https://books.toscrape.com/media/cache/c8/09/c80991f861675b6e75dc7f2f6a50e5a0.jpg,https://books.toscrape.com/,2026-08-05 09:20:09.730290+00:00
Musicophilia: Tales of Music and the Brain,6,One,£46.58,Default,https://books.toscrape.com/catalogue/musicophilia-tales-of-music-and-the-brain_436/index.html,https://books.toscrape.com/media/cache/02/66/02667c5b8f5a5e9e45c0799518f086ca.jpg,https://books.toscrape.com/,2026-08-05 09:20:10.049763+00:00
Mere Christianity,6,Three,£48.51,Add a comment,https://books.toscrape.com/catalogue/mere-christianity_435/index.html,https://books.toscrape.com/media/cache/d2/90/d29093abd0b9d5258e2e08b731778158.jpg,https://books.toscrape.com/,2026-08-05 09:20:10.366423+00:00
Me Before You (Me Before You #1),6,One,£19.02,Fiction,https://books.toscrape.com/catalogue/me-before-you-me-before-you-1_434/index.html,https://books.toscrape.com/media/cache/a2/cd/a2cd0016b37c0407059147e58e14afe5.jpg,https://books.toscrape.com/,2026-08-05 09:20:10.692333+00:00
In the Woods (Dublin Murder Squad #1),6,Two,£38.38,Mystery,https://books.toscrape.com/catalogue/in-the-woods-dublin-murder-squad-1_433/index.html,https://books.toscrape.com/media/cache/24/a1/24a175dac7cb91ff26e2d723cdc6e098.jpg,https://books.toscrape.com/,2026-08-05 09:20:11.012256+00:00
In Cold Blood,6,Four,£49.98,Nonfiction,https://books.toscrape.com/catalogue/in-cold-blood_432/index.html,https://books.toscrape.com/media/cache/eb/4e/eb4ea9c04dccab509451ba31feb6b4e8.jpg,https://books.toscrape.com/,2026-08-05 09:20:11.445553+00:00
How to Stop Worrying and Start Living,6,Five,£46.49,Self Help,https://books.toscrape.com/catalogue/how-to-stop-worrying-and-start-living_431/index.html,https://books.toscrape.com/media/cache/4f/08/4f08f7948770912e4e340e10caa604cb.jpg,https://books.toscrape.com/,2026-08-05 09:20:11.755865+00:00
Give It Back,6,Two,£18.32,Thriller,https://books.toscrape.com/catalogue/give-it-back_430/index.html,https://books.toscrape.com/media/cache/8b/7c/8b7c73e075cc687b6890dc0dca9fcbcc.jpg,https://books.toscrape.com/,2026-08-05 09:20:12.168245+00:00
"Girl, Interrupted",6,Three,£42.14,Nonfiction,https://books.toscrape.com/catalogue/girl-interrupted_429/index.html,https://books.toscrape.com/media/cache/f9/ec/f9ec97bd8b29cc4e36d6c2b093d04709.jpg,https://books.toscrape.com/,2026-08-05 09:20:12.491307+00:00
Fun Home: A Family Tragicomic,6,Four,£56.59,Add a comment,https://books.toscrape.com/catalogue/fun-home-a-family-tragicomic_428/index.html,https://books.toscrape.com/media/cache/54/ae/54ae8233e8422676c241d1cea0b67f1d.jpg,https://books.toscrape.com/,2026-08-05 09:20:12.792934+00:00
"Fruits Basket, Vol. 6 (Fruits Basket #6)",6,Four,£20.96,Sequential Art,https://books.toscrape.com/catalogue/fruits-basket-vol-6-fruits-basket-6_427/index.html,https://books.toscrape.com/media/cache/94/1a/941a14dec32f0a949c38a325a715c138.jpg,https://books.toscrape.com/,2026-08-05 09:20:13.336949+00:00
Deception Point,6,Four,£40.32,Fiction,https://books.toscrape.com/catalogue/deception-point_426/index.html,https://books.toscrape.com/media/cache/fa/2d/fa2d3198b7ba9785e0edd6f41b84d72b.jpg,https://books.toscrape.com/,2026-08-05 09:20:13.670041+00:00
"Death Note, Vol. 6: Give-and-Take (Death Note #6)",6,Three,£36.39,Sequential Art,https://books.toscrape.com/catalogue/death-note-vol-6-give-and-take-death-note-6_425/index.html,https://books.toscrape.com/media/cache/07/5c/075c210f5ce43b84d29646a54529d1bd.jpg,https://books.toscrape.com/,2026-08-05 09:20:14.130658+00:00
Catherine the Great: Portrait of a Woman,6,Four,£58.55,History,https://books.toscrape.com/catalogue/catherine-the-great-portrait-of-a-woman_424/index.html,https://books.toscrape.com/media/cache/72/f1/72f13b8f069d3a018d2c378be5a1de20.jpg,https://books.toscrape.com/,2026-08-05 09:20:14.562861+00:00
Better Homes and Gardens New Cook Book,6,Three,£39.61,Food and Drink,https://books.toscrape.com/catalogue/better-homes-and-gardens-new-cook-book_423/index.html,https://books.toscrape.com/media/cache/75/82/7582e20b84f603358a8d55cd6a0a50f4.jpg,https://books.toscrape.com/,2026-08-05 09:20:14.880112+00:00
An Unquiet Mind: A Memoir of Moods and Madness,6,Three,£21.30,Psychology,https://books.toscrape.com/catalogue/an-unquiet-mind-a-memoir-of-moods-and-madness_422/index.html,https://books.toscrape.com/media/cache/00/29/002924b764dc367dcaa3486fa4c0aa0b.jpg,https://books.toscrape.com/,2026-08-05 09:20:15.317115+00:00
A Year in Provence (Provence #1),6,Four,£56.88,Travel,https://books.toscrape.com/catalogue/a-year-in-provence-provence-1_421/index.html,https://books.toscrape.com/media/cache/db/46/db46159b05faa5d95262112bf9c29ddd.jpg,https://books.toscrape.com/,2026-08-05 09:20:15.624214+00:00
World Without End (The Pillars of the Earth #2),5,Four,£32.97,Historical Fiction,https://books.toscrape.com/catalogue/world-without-end-the-pillars-of-the-earth-2_420/index.html,https://books.toscrape.com/media/cache/be/7c/be7ce6fbc9a8e1a5a5b5c32e73cfd78a.jpg,https://books.toscrape.com/,2026-08-05 09:20:16.512351+00:00
"Will Grayson, Will Grayson (Will Grayson, Will Grayson)",5,Four,£47.31,Young Adult,https://books.toscrape.com/catalogue/will-grayson-will-grayson-will-grayson-will-grayson_419/index.html,https://books.toscrape.com/media/cache/de/a1/dea174c8a8dbfd98e5e05c9e479a52b2.jpg,https://books.toscrape.com/,2026-08-05 09:20:16.825618+00:00
Why Save the Bankers?: And Other Essays on Our Economic and Political Crisis,5,Two,£48.67,Nonfiction,https://books.toscrape.com/catalogue/why-save-the-bankers-and-other-essays-on-our-economic-and-political-crisis_418/index.html,https://books.toscrape.com/media/cache/16/f5/16f545b2e14c16ed4bd0e098a0700b57.jpg,https://books.toscrape.com/,2026-08-05 09:20:17.127089+00:00
Where She Went (If I Stay #2),5,Four,£41.73,Young Adult,https://books.toscrape.com/catalogue/where-she-went-if-i-stay-2_417/index.html,https://books.toscrape.com/media/cache/05/86/0586b3d79013f606494e843de1faea0b.jpg,https://books.toscrape.com/,2026-08-05 09:20:17.432820+00:00
What If?: Serious Scientific Answers to Absurd Hypothetical Questions,5,Four,£53.68,Default,https://books.toscrape.com/catalogue/what-if-serious-scientific-answers-to-absurd-hypothetical-questions_416/index.html,https://books.toscrape.com/media/cache/59/bc/59bcc421ae9f5a6f12ef11e849fb745d.jpg,https://books.toscrape.com/,2026-08-05 09:20:17.747272+00:00
Two Summers,5,One,£14.64,Young Adult,https://books.toscrape.com/catalogue/two-summers_415/index.html,https://books.toscrape.com/media/cache/89/16/89165d7488fbaa9e60cfcabe56796288.jpg,https://books.toscrape.com/,2026-08-05 09:20:18.059848+00:00
This Is Your Brain on Music: The Science of a Human Obsession,5,One,£38.40,Music,https://books.toscrape.com/catalogue/this-is-your-brain-on-music-the-science-of-a-human-obsession_414/index.html,https://books.toscrape.com/media/cache/35/a4/35a4a7c6c76c4e82186753078e441654.jpg,https://books.toscrape.com/,2026-08-05 09:20:18.384421+00:00
The Secret Garden,5,Four,£15.08,Classics,https://books.toscrape.com/catalogue/the-secret-garden_413/index.html,https://books.toscrape.com/media/cache/c5/46/c5465a06182ed6ebfa40d049258a2f58.jpg,https://books.toscrape.com/,2026-08-05 09:20:18.714536+00:00
The Raven King (The Raven Cycle #4),5,Two,£30.57,Add a comment,https://books.toscrape.com/catalogue/the-raven-king-the-raven-cycle-4_412/index.html,https://books.toscrape.com/media/cache/da/54/da54d953f00d1e465f31f865df3d0f3f.jpg,https://books.toscrape.com/,2026-08-05 09:20:19.138864+00:00
The Raven Boys (The Raven Cycle #1),5,Four,£57.74,Fantasy,https://books.toscrape.com/catalogue/the-raven-boys-the-raven-cycle-1_411/index.html,https://books.toscrape.com/media/cache/3c/a4/3ca4889e4bb7f9a1cc1d7a1c920e9d42.jpg,https://books.toscrape.com/,2026-08-05 09:20:19.572425+00:00
The Power Greens Cookbook: 140 Delicious Superfood Recipes,5,Five,£11.05,Food and Drink,https://books.toscrape.com/catalogue/the-power-greens-cookbook-140-delicious-superfood-recipes_410/index.html,https://books.toscrape.com/media/cache/82/1d/821d2c02dcd0a10fc9d533917482746e.jpg,https://books.toscrape.com/,2026-08-05 09:20:21.019801+00:00
The Metamorphosis,5,One,£28.58,Classics,https://books.toscrape.com/catalogue/the-metamorphosis_409/index.html,https://books.toscrape.com/media/cache/4a/1b/4a1b6e9c1af75db0dc34ae63344f6883.jpg,https://books.toscrape.com/,2026-08-05 09:20:21.944213+00:00
The Mathews Men: Seven Brothers and the War Against Hitler's U-boats,5,Five,£42.91,History,https://books.toscrape.com/catalogue/the-mathews-men-seven-brothers-and-the-war-against-hitlers-u-boats_408/index.html,https://books.toscrape.com/media/cache/f2/64/f26457d65a03b2636c4bcc7c318f7346.jpg,https://books.toscrape.com/,2026-08-05 09:20:22.383152+00:00
The Little Paris Bookshop,5,Three,£24.73,Fiction,https://books.toscrape.com/catalogue/the-little-paris-bookshop_407/index.html,https://books.toscrape.com/media/cache/50/a9/50a901fb008c0b8965c8d4da2dff5470.jpg,https://books.toscrape.com/,2026-08-05 09:20:22.825609+00:00
The Hiding Place,5,Four,£55.91,History,https://books.toscrape.com/catalogue/the-hiding-place_406/index.html,https://books.toscrape.com/media/cache/cf/18/cf187c1dc5575fcbbf49c58024146c4b.jpg,https://books.toscrape.com/,2026-08-05 09:20:23.121547+00:00
The Grand Design,5,Three,£13.76,Science,https://books.toscrape.com/catalogue/the-grand-design_405/index.html,https://books.toscrape.com/media/cache/08/a9/08a957eb34f8047862e225774c3bdde2.jpg,https://books.toscrape.com/,2026-08-05 09:20:23.553468+00:00
The Firm,5,Three,£45.56,Fiction,https://books.toscrape.com/catalogue/the-firm_404/index.html,https://books.toscrape.com/media/cache/95/84/95847132a78de44b7249a2d0a3fe3ef6.jpg,https://books.toscrape.com/,2026-08-05 09:20:24.004047+00:00
The Fault in Our Stars,5,One,£47.22,Default,https://books.toscrape.com/catalogue/the-fault-in-our-stars_403/index.html,https://books.toscrape.com/media/cache/69/61/696100859e82b2ec7a796129d6cca44a.jpg,https://books.toscrape.com/,2026-08-05 09:20:24.424276+00:00
The False Prince (The Ascendance Trilogy #1),5,Five,£56.00,Fantasy,https://books.toscrape.com/catalogue/the-false-prince-the-ascendance-trilogy-1_402/index.html,https://books.toscrape.com/media/cache/f8/e3/f8e371e2869d13b9d89999f8d5173245.jpg,https://books.toscrape.com/,2026-08-05 09:20:24.852729+00:00
The Expatriates,5,Two,£44.58,Fiction,https://books.toscrape.com/catalogue/the-expatriates_401/index.html,https://books.toscrape.com/media/cache/db/e4/dbe49e1cb06136eeb51182f551ccdc52.jpg,https://books.toscrape.com/,2026-08-05 09:20:25.296801+00:00
The Dream Thieves (The Raven Cycle #2),5,One,£34.50,Default,https://books.toscrape.com/catalogue/the-dream-thieves-the-raven-cycle-2_400/index.html,https://books.toscrape.com/media/cache/d9/7a/d97a3a4a65b5275ab506b28c7a88e0a5.jpg,https://books.toscrape.com/,2026-08-05 09:20:26.462682+00:00
The Darkest Corners,5,Five,£11.33,Young Adult,https://books.toscrape.com/catalogue/the-darkest-corners_399/index.html,https://books.toscrape.com/media/cache/c1/ab/c1ab73a20d02b5f3a5599e7c5704a909.jpg,https://books.toscrape.com/,2026-08-05 09:20:26.893282+00:00
The Crossover,5,Four,£38.77,Poetry,https://books.toscrape.com/catalogue/the-crossover_398/index.html,https://books.toscrape.com/media/cache/9f/35/9f351ca1978128c60a3b7f85987075b3.jpg,https://books.toscrape.com/,2026-08-05 09:20:27.448866+00:00
The 5th Wave (The 5th Wave #1),5,Two,£11.83,Default,https://books.toscrape.com/catalogue/the-5th-wave-the-5th-wave-1_397/index.html,https://books.toscrape.com/media/cache/10/d0/10d0c5e47d0e8cce16b6b5e6be48cb16.jpg,https://books.toscrape.com/,2026-08-05 09:20:27.766029+00:00
Tell the Wind and Fire,5,Three,£45.51,Fantasy,https://books.toscrape.com/catalogue/tell-the-wind-and-fire_396/index.html,https://books.toscrape.com/media/cache/3b/0c/3b0c5f4df26b73659af4e25107499384.jpg,https://books.toscrape.com/,2026-08-05 09:20:28.200813+00:00
Tell Me Three Things,5,One,£41.81,Young Adult,https://books.toscrape.com/catalogue/tell-me-three-things_395/index.html,https://books.toscrape.com/media/cache/a1/2f/a12f0bec8c8728800f901b4e5f6e3f9a.jpg,https://books.toscrape.com/,2026-08-05 09:20:28.635776+00:00
Talking to Girls About Duran Duran: One Young Man's Quest for True Love and a Cooler Haircut,5,Four,£25.15,Nonfiction,https://books.toscrape.com/catalogue/talking-to-girls-about-duran-duran-one-young-mans-quest-for-true-love-and-a-cooler-haircut_394/index.html,https://books.toscrape.com/media/cache/07/8b/078b934613af473daf7ecf918e05d050.jpg,https://books.toscrape.com/,2026-08-05 09:20:29.076133+00:00
Siddhartha,5,Five,£34.22,Fiction,https://books.toscrape.com/catalogue/siddhartha_393/index.html,https://books.toscrape.com/media/cache/ce/0b/ce0be2d86e388540122c222306c6d62c.jpg,https://books.toscrape.com/,2026-08-05 09:20:29.511661+00:00
Shiver (The Wolves of Mercy Falls #1),5,Five,£16.23,Default,https://books.toscrape.com/catalogue/shiver-the-wolves-of-mercy-falls-1_392/index.html,https://books.toscrape.com/media/cache/84/73/847399651d8f2dfae1a0d5a0ea4064b2.jpg,https://books.toscrape.com/,2026-08-05 09:20:29.950155+00:00
Remember Me?,5,Three,£11.48,Default,https://books.toscrape.com/catalogue/remember-me_391/index.html,https://books.toscrape.com/media/cache/3f/95/3f9572f94858197e92786b194f0f12df.jpg,https://books.toscrape.com/,2026-08-05 09:20:30.394137+00:00
Red Dragon (Hannibal Lecter #1),5,Three,£23.37,Horror,https://books.toscrape.com/catalogue/red-dragon-hannibal-lecter-1_390/index.html,https://books.toscrape.com/media/cache/30/66/3066f8bcd2e2ed6b45084355ff084a61.jpg,https://books.toscrape.com/,2026-08-05 09:20:30.834363+00:00
Peak: Secrets from the New Science of Expertise,5,Two,£16.28,Science,https://books.toscrape.com/catalogue/peak-secrets-from-the-new-science-of-expertise_389/index.html,https://books.toscrape.com/media/cache/83/ab/83ab65f938b24fa1a9cb47235be49b57.jpg,https://books.toscrape.com/,2026-08-05 09:20:31.257108+00:00
My Mother Was Nuts,5,Four,£31.63,Nonfiction,https://books.toscrape.com/catalogue/my-mother-was-nuts_388/index.html,https://books.toscrape.com/media/cache/9b/b4/9bb42bf833e91193ca05badddded4bfb.jpg,https://books.toscrape.com/,2026-08-05 09:20:31.558184+00:00
Mexican Today: New and Rediscovered Recipes for Contemporary Kitchens,5,Five,£24.91,Food and Drink,https://books.toscrape.com/catalogue/mexican-today-new-and-rediscovered-recipes-for-contemporary-kitchens_387/index.html,https://books.toscrape.com/media/cache/5d/02/5d029bff299cdb777e06f35800faa628.jpg,https://books.toscrape.com/,2026-08-05 09:20:31.997047+00:00
Maybe Something Beautiful: How Art Transformed a Neighborhood,5,One,£22.54,Childrens,https://books.toscrape.com/catalogue/maybe-something-beautiful-how-art-transformed-a-neighborhood_386/index.html,https://books.toscrape.com/media/cache/c0/bb/c0bb6e42743b9c1aaf9b754501100a5d.jpg,https://books.toscrape.com/,2026-08-05 09:20:32.430225+00:00
Lola and the Boy Next Door (Anna and the French Kiss #2),5,Four,£23.63,Young Adult,https://books.toscrape.com/catalogue/lola-and-the-boy-next-door-anna-and-the-french-kiss-2_385/index.html,https://books.toscrape.com/media/cache/bc/c8/bcc8374e0c81ded1486b6225ca4fe78a.jpg,https://books.toscrape.com/,2026-08-05 09:20:32.862528+00:00
Logan Kade (Fallen Crest High #5.5),5,Two,£13.12,Academic,https://books.toscrape.com/catalogue/logan-kade-fallen-crest-high-55_384/index.html,https://books.toscrape.com/media/cache/d9/4e/d94e6206c2decd3acd9a61b2cbac7eaf.jpg,https://books.toscrape.com/,2026-08-05 09:20:33.287913+00:00
Last One Home (New Beginnings #1),5,Three,£59.98,Fiction,https://books.toscrape.com/catalogue/last-one-home-new-beginnings-1_383/index.html,https://books.toscrape.com/media/cache/e4/0a/e40a336622fe578699be5a1eeba18f9d.jpg,https://books.toscrape.com/,2026-08-05 09:20:33.604411+00:00
Killing Floor (Jack Reacher #1),5,Four,£31.49,Thriller,https://books.toscrape.com/catalogue/killing-floor-jack-reacher-1_382/index.html,https://books.toscrape.com/media/cache/eb/e9/ebe9f06ccebf83d9853a846052b58fff.jpg,https://books.toscrape.com/,2026-08-05 09:20:34.043655+00:00
Kill the Boy Band,5,Five,£15.52,Young Adult,https://books.toscrape.com/catalogue/kill-the-boy-band_381/index.html,https://books.toscrape.com/media/cache/05/74/0574a71ccaff1fef1f8e9a1f4c22b7bc.jpg,https://books.toscrape.com/,2026-08-05 09:20:34.482914+00:00
Isla and the Happily Ever After (Anna and the French Kiss #3),5,Five,£48.13,Young Adult,https://books.toscrape.com/catalogue/isla-and-the-happily-ever-after-anna-and-the-french-kiss-3_380/index.html,https://books.toscrape.com/media/cache/0d/0b/0d0bd1fce3e0171cf101764393caea41.jpg,https://books.toscrape.com/,2026-08-05 09:20:35.498970+00:00
If I Stay (If I Stay #1),5,Five,£38.13,Default,https://books.toscrape.com/catalogue/if-i-stay-if-i-stay-1_379/index.html,https://books.toscrape.com/media/cache/cb/b3/cbb3754c7bae0d54dcf561aed4f9d6e3.jpg,https://books.toscrape.com/,2026-08-05 09:20:35.910142+00:00
I Know Why the Caged Bird Sings (Maya Angelou's Autobiography #1),5,Two,£36.55,Default,https://books.toscrape.com/catalogue/i-know-why-the-caged-bird-sings-maya-angelous-autobiography-1_378/index.html,https://books.toscrape.com/media/cache/c1/42/c14297e48de02ac420c587822ff329ab.jpg,https://books.toscrape.com/,2026-08-05 09:20:36.202361+00:00
Harry Potter and the Deathly Hallows (Harry Potter #7),5,One,£23.32,Default,https://books.toscrape.com/catalogue/harry-potter-and-the-deathly-hallows-harry-potter-7_377/index.html,https://books.toscrape.com/media/cache/58/e4/58e434a6a4eb267eac7aa529b0c2ec15.jpg,https://books.toscrape.com/,2026-08-05 09:20:36.641677+00:00
"Fruits Basket, Vol. 5 (Fruits Basket #5)",5,One,£16.33,Sequential Art,https://books.toscrape.com/catalogue/fruits-basket-vol-5-fruits-basket-5_376/index.html,https://books.toscrape.com/media/cache/51/cf/51cf19c74f21a7043910615fefcf0847.jpg,https://books.toscrape.com/,2026-08-05 09:20:37.078057+00:00
Foundation (Foundation (Publication Order) #1),5,One,£32.42,Science Fiction,https://books.toscrape.com/catalogue/foundation-foundation-publication-order-1_375/index.html,https://books.toscrape.com/media/cache/8b/92/8b9267df86378b6973974ae7e1924ffe.jpg,https://books.toscrape.com/,2026-08-05 09:20:37.520869+00:00
Fool Me Once,5,One,£16.96,Default,https://books.toscrape.com/catalogue/fool-me-once_374/index.html,https://books.toscrape.com/media/cache/b6/9c/b69c4ea86e09921aabc4e0431a8273a5.jpg,https://books.toscrape.com/,2026-08-05 09:20:37.957479+00:00
Find Her (Detective D.D. Warren #8),5,One,£22.37,Add a comment,https://books.toscrape.com/catalogue/find-her-detective-dd-warren-8_373/index.html,https://books.toscrape.com/media/cache/f6/f2/f6f2094e8a318093fa53784df2bfeab8.jpg,https://books.toscrape.com/,2026-08-05 09:20:38.536751+00:00
Evicted: Poverty and Profit in the American City,5,One,£42.27,Add a comment,https://books.toscrape.com/catalogue/evicted-poverty-and-profit-in-the-american-city_372/index.html,https://books.toscrape.com/media/cache/d0/4f/d04f8176cf0527b293114173d01999d7.jpg,https://books.toscrape.com/,2026-08-05 09:20:38.970835+00:00
Drama,5,Two,£38.70,Default,https://books.toscrape.com/catalogue/drama_371/index.html,https://books.toscrape.com/media/cache/68/ce/68ce8be6a167f510d07a7da637b62c6f.jpg,https://books.toscrape.com/,2026-08-05 09:20:39.275236+00:00
Dracula the Un-Dead,5,Five,£35.63,Horror,https://books.toscrape.com/catalogue/dracula-the-un-dead_370/index.html,https://books.toscrape.com/media/cache/13/ff/13fffcde653948339d3427184b7bd0b5.jpg,https://books.toscrape.com/,2026-08-05 09:20:39.708859+00:00
Digital Fortress,5,Five,£58.00,Fiction,https://books.toscrape.com/catalogue/digital-fortress_369/index.html,https://books.toscrape.com/media/cache/5c/77/5c770b251d27aeef263f8ae974ca02e0.jpg,https://books.toscrape.com/,2026-08-05 09:20:40.151521+00:00
"Death Note, Vol. 5: Whiteout (Death Note #5)",5,One,£52.41,Sequential Art,https://books.toscrape.com/catalogue/death-note-vol-5-whiteout-death-note-5_368/index.html,https://books.toscrape.com/media/cache/4e/c1/4ec161cc09ee437c9eda6d437d232a11.jpg,https://books.toscrape.com/,2026-08-05 09:20:40.580843+00:00
"Data, A Love Story: How I Gamed Online Dating to Meet My Match",5,Three,£32.35,Nonfiction,https://books.toscrape.com/catalogue/data-a-love-story-how-i-gamed-online-dating-to-meet-my-match_367/index.html,https://books.toscrape.com/media/cache/1f/d8/1fd8340d9b3fd95861f0407b4dbb0fa7.jpg,https://books.toscrape.com/,2026-08-05 09:20:41.016805+00:00
Critique of Pure Reason,5,One,£20.75,Philosophy,https://books.toscrape.com/catalogue/critique-of-pure-reason_366/index.html,https://books.toscrape.com/media/cache/12/6e/126ef8f6473b81808ebbb9cff155e883.jpg,https://books.toscrape.com/,2026-08-05 09:20:41.312494+00:00
Booked,5,Five,£17.49,Poetry,https://books.toscrape.com/catalogue/booked_365/index.html,https://books.toscrape.com/media/cache/8f/46/8f46bb13feb3a4440a27dfcf688fbaa6.jpg,https://books.toscrape.com/,2026-08-05 09:20:41.607587+00:00
"Blue Lily, Lily Blue (The Raven Cycle #3)",5,Five,£34.13,Default,https://books.toscrape.com/catalogue/blue-lily-lily-blue-the-raven-cycle-3_364/index.html,https://books.toscrape.com/media/cache/db/14/db14903b3a56a297ef6aefe7624d637f.jpg,https://books.toscrape.com/,2026-08-05 09:20:41.904440+00:00
Approval Junkie: Adventures in Caring Too Much,5,Five,£58.81,Autobiography,https://books.toscrape.com/catalogue/approval-junkie-adventures-in-caring-too-much_363/index.html,https://books.toscrape.com/media/cache/17/aa/17aacb738eace89a635a4eb47a94c11d.jpg,https://books.toscrape.com/,2026-08-05 09:20:42.335685+00:00
An Abundance of Katherines,5,Five,£10.00,Young Adult,https://books.toscrape.com/catalogue/an-abundance-of-katherines_362/index.html,https://books.toscrape.com/media/cache/ed/45/ed4517339d4780f4158c485c83850d20.jpg,https://books.toscrape.com/,2026-08-05 09:20:42.648312+00:00
America's War for the Greater Middle East: A Military History,5,Two,£51.22,History,https://books.toscrape.com/catalogue/americas-war-for-the-greater-middle-east-a-military-history_361/index.html,https://books.toscrape.com/media/cache/eb/17/eb178eceef1e9290591cabd5155571a3.jpg,https://books.toscrape.com/,2026-08-05 09:20:43.054764+00:00
Alight (The Generations Trilogy #2),5,Four,£58.59,Default,https://books.toscrape.com/catalogue/alight-the-generations-trilogy-2_360/index.html,https://books.toscrape.com/media/cache/5e/f3/5ef34ba3e937218db15178a1a5ce195f.jpg,https://books.toscrape.com/,2026-08-05 09:20:44.077649+00:00
A Girl's Guide to Moving On (New Beginnings #2),5,One,£31.30,Romance,https://books.toscrape.com/catalogue/a-girls-guide-to-moving-on-new-beginnings-2_359/index.html,https://books.toscrape.com/media/cache/f7/a9/f7a90a63f66ac92cc280def001970ed2.jpg,https://books.toscrape.com/,2026-08-05 09:20:44.390811+00:00
A Game of Thrones (A Song of Ice and Fire #1),5,Two,£46.42,Add a comment,https://books.toscrape.com/catalogue/a-game-of-thrones-a-song-of-ice-and-fire-1_358/index.html,https://books.toscrape.com/media/cache/13/d1/13d11b26b46484ee73e9923ff307a7b4.jpg,https://books.toscrape.com/,2026-08-05 09:20:44.699579+00:00
A Feast for Crows (A Song of Ice and Fire #4),5,Four,£17.21,Fantasy,https://books.toscrape.com/catalogue/a-feast-for-crows-a-song-of-ice-and-fire-4_357/index.html,https://books.toscrape.com/media/cache/b3/6b/b36b278233baf55ebaad761d8d3d0fec.jpg,https://books.toscrape.com/,2026-08-05 09:20:45.453219+00:00
A Clash of Kings (A Song of Ice and Fire #2),5,Three,£10.79,Add a comment,https://books.toscrape.com/catalogue/a-clash-of-kings-a-song-of-ice-and-fire-2_356/index.html,https://books.toscrape.com/media/cache/1a/29/1a298a157f4113d6e0127521aaa1f5f0.jpg,https://books.toscrape.com/,2026-08-05 09:20:46.069901+00:00
Vogue Colors A to Z: A Fashion Coloring Book,4,Four,£52.35,Default,https://books.toscrape.com/catalogue/vogue-colors-a-to-z-a-fashion-coloring-book_355/index.html,https://books.toscrape.com/media/cache/1f/55/1f5541682b39b390a3db41430922d510.jpg,https://books.toscrape.com/,2026-08-05 09:20:46.631727+00:00
The Shining (The Shining #1),4,Three,£27.88,Default,https://books.toscrape.com/catalogue/the-shining-the-shining-1_354/index.html,https://books.toscrape.com/media/cache/db/96/db9686744f93c0e9ff3945144827f99a.jpg,https://books.toscrape.com/,2026-08-05 09:20:47.050201+00:00
The Pilgrim's Progress,4,Two,£50.26,Classics,https://books.toscrape.com/catalogue/the-pilgrims-progress_353/index.html,https://books.toscrape.com/media/cache/45/bb/45bb59d19eb3aa868293d44809078418.jpg,https://books.toscrape.com/,2026-08-05 09:20:47.493701+00:00
The Perfect Play (Play by Play #1),4,Three,£59.99,Romance,https://books.toscrape.com/catalogue/the-perfect-play-play-by-play-1_352/index.html,https://books.toscrape.com/media/cache/40/16/4016ffba678f309171d8130135f6eb8e.jpg,https://books.toscrape.com/,2026-08-05 09:20:47.942043+00:00
The Passion of Dolssa,4,Five,£28.32,Historical Fiction,https://books.toscrape.com/catalogue/the-passion-of-dolssa_351/index.html,https://books.toscrape.com/media/cache/6b/82/6b822681c4035131560d40dd3b5a6a2e.jpg,https://books.toscrape.com/,2026-08-05 09:20:48.399280+00:00
The Jazz of Physics: The Secret Link Between Music and the Structure of the Universe,4,Three,£38.71,Nonfiction,https://books.toscrape.com/catalogue/the-jazz-of-physics-the-secret-link-between-music-and-the-structure-of-the-universe_350/index.html,https://books.toscrape.com/media/cache/2d/32/2d32efe1c5f97510596a2cc21c5daf5d.jpg,https://books.toscrape.com/,2026-08-05 09:20:48.833714+00:00
The Hunger Games (The Hunger Games #1),4,Five,£29.85,Default,https://books.toscrape.com/catalogue/the-hunger-games-the-hunger-games-1_349/index.html,https://books.toscrape.com/media/cache/41/c7/41c72a9c7733fc5f7434b2fa33060c54.jpg,https://books.toscrape.com/,2026-08-05 09:20:49.269455+00:00
The Hound of the Baskervilles (Sherlock Holmes #5),4,Two,£14.82,Classics,https://books.toscrape.com/catalogue/the-hound-of-the-baskervilles-sherlock-holmes-5_348/index.html,https://books.toscrape.com/media/cache/1f/b0/1fb03cdabe6001c8a2620f65e025cbd5.jpg,https://books.toscrape.com/,2026-08-05 09:20:49.712655+00:00
The Gunning of America: Business and the Making of American Gun Culture,4,Four,£16.81,Nonfiction,https://books.toscrape.com/catalogue/the-gunning-of-america-business-and-the-making-of-american-gun-culture_347/index.html,https://books.toscrape.com/media/cache/28/a8/28a8784d0b38b148a35bce421dc16910.jpg,https://books.toscrape.com/,2026-08-05 09:20:50.160110+00:00
The Geography of Bliss: One Grump's Search for the Happiest Places in the World,4,Two,£28.23,Nonfiction,https://books.toscrape.com/catalogue/the-geography-of-bliss-one-grumps-search-for-the-happiest-places-in-the-world_346/index.html,https://books.toscrape.com/media/cache/bd/a0/bda0fa21e6d06862920c0eedecc6201e.jpg,https://books.toscrape.com/,2026-08-05 09:20:50.600863+00:00
The Demonists (Demonist #1),4,Two,£52.11,Fantasy,https://books.toscrape.com/catalogue/the-demonists-demonist-1_345/index.html,https://books.toscrape.com/media/cache/1a/d2/1ad2a260776198051f4d1849be347cc6.jpg,https://books.toscrape.com/,2026-08-05 09:20:51.032698+00:00
"The Demon Prince of Momochi House, Vol. 4 (The Demon Prince of Momochi House #4)",4,Two,£27.88,Sequential Art,https://books.toscrape.com/catalogue/the-demon-prince-of-momochi-house-vol-4-the-demon-prince-of-momochi-house-4_344/index.html,https://books.toscrape.com/media/cache/47/71/477173fe3000a6da4b241c2e71a21418.jpg,https://books.toscrape.com/,2026-08-05 09:20:51.466571+00:00
The Bone Hunters (Lexy Vaughan & Steven Macaulay #2),4,Three,£59.71,Thriller,https://books.toscrape.com/catalogue/the-bone-hunters-lexy-vaughan-steven-macaulay-2_343/index.html,https://books.toscrape.com/media/cache/ee/d4/eed4d5d63d13f0aa86575c90f8ccacb7.jpg,https://books.toscrape.com/,2026-08-05 09:20:51.918637+00:00
The Beast (Black Dagger Brotherhood #14),4,Five,£46.08,Fantasy,https://books.toscrape.com/catalogue/the-beast-black-dagger-brotherhood-14_342/index.html,https://books.toscrape.com/media/cache/1b/3f/1b3f5057f9e7f7cb81a8c10b58024145.jpg,https://books.toscrape.com/,2026-08-05 09:20:52.361295+00:00
Some Women,4,Five,£13.73,Womens Fiction,https://books.toscrape.com/catalogue/some-women_341/index.html,https://books.toscrape.com/media/cache/27/b7/27b7f4ec590965b5acc15dc4b1376684.jpg,https://books.toscrape.com/,2026-08-05 09:20:52.803639+00:00
Shopaholic Ties the Knot (Shopaholic #3),4,Five,£48.39,Womens Fiction,https://books.toscrape.com/catalogue/shopaholic-ties-the-knot-shopaholic-3_340/index.html,https://books.toscrape.com/media/cache/ac/ba/acba5e4e1813b8c1fff4890f1efef3ab.jpg,https://books.toscrape.com/,2026-08-05 09:20:53.833847+00:00
Paper and Fire (The Great Library #2),4,Five,£49.45,Fantasy,https://books.toscrape.com/catalogue/paper-and-fire-the-great-library-2_339/index.html,https://books.toscrape.com/media/cache/a7/04/a704d4248b21c0cdd8038c1b8345ed17.jpg,https://books.toscrape.com/,2026-08-05 09:20:54.265786+00:00
Outlander (Outlander #1),4,Five,£19.67,Default,https://books.toscrape.com/catalogue/outlander-outlander-1_338/index.html,https://books.toscrape.com/media/cache/b1/0b/b10ba73e67297fc8ed9e877bdcf60813.jpg,https://books.toscrape.com/,2026-08-05 09:20:54.712438+00:00
"Orchestra of Exiles: The Story of Bronislaw Huberman, the Israel Philharmonic, and the One Thousand Jews He Saved from Nazi Horrors",4,Three,£12.36,Music,https://books.toscrape.com/catalogue/orchestra-of-exiles-the-story-of-bronislaw-huberman-the-israel-philharmonic-and-the-one-thousand-jews-he-saved-from-nazi-horrors_337/index.html,https://books.toscrape.com/media/cache/15/de/15de75548ee9a4c6be1420ee309c03e0.jpg,https://books.toscrape.com/,2026-08-05 09:20:55.024800+00:00
No One Here Gets Out Alive,4,Five,£20.02,Music,https://books.toscrape.com/catalogue/no-one-here-gets-out-alive_336/index.html,https://books.toscrape.com/media/cache/7a/7e/7a7eb52e7075a5305522948375c1316e.jpg,https://books.toscrape.com/,2026-08-05 09:20:55.338834+00:00
Night Shift (Night Shift #1-20),4,Four,£12.75,Horror,https://books.toscrape.com/catalogue/night-shift-night-shift-1-20_335/index.html,https://books.toscrape.com/media/cache/c0/02/c0029d48c2588e6d2a6a31c9f96088ba.jpg,https://books.toscrape.com/,2026-08-05 09:20:55.785828+00:00
Needful Things,4,Four,£47.51,Horror,https://books.toscrape.com/catalogue/needful-things_334/index.html,https://books.toscrape.com/media/cache/2d/e0/2de0eff716ca13d12cf5420e88e1a8b3.jpg,https://books.toscrape.com/,2026-08-05 09:20:56.091643+00:00
Mockingjay (The Hunger Games #3),4,Four,£20.44,Default,https://books.toscrape.com/catalogue/mockingjay-the-hunger-games-3_333/index.html,https://books.toscrape.com/media/cache/76/b4/76b462eda7a84ccf39a543d63c695ca7.jpg,https://books.toscrape.com/,2026-08-05 09:20:56.542810+00:00
Misery,4,Two,£34.79,Horror,https://books.toscrape.com/catalogue/misery_332/index.html,https://books.toscrape.com/media/cache/7c/93/7c9302e392e128881e926d19f761da33.jpg,https://books.toscrape.com/,2026-08-05 09:20:56.849682+00:00
Little Women (Little Women #1),4,Four,£28.07,Classics,https://books.toscrape.com/catalogue/little-women-little-women-1_331/index.html,https://books.toscrape.com/media/cache/81/f5/81f559ebe403317226fa8b611e35ce8a.jpg,https://books.toscrape.com/,2026-08-05 09:20:57.288560+00:00
It,4,Three,£25.01,Horror,https://books.toscrape.com/catalogue/it_330/index.html,https://books.toscrape.com/media/cache/f7/b7/f7b73392b12909a1e8261ef3f96c5fd1.jpg,https://books.toscrape.com/,2026-08-05 09:20:57.602350+00:00
Harry Potter and the Sorcerer's Stone (Harry Potter #1),4,Three,£13.90,Default,https://books.toscrape.com/catalogue/harry-potter-and-the-sorcerers-stone-harry-potter-1_329/index.html,https://books.toscrape.com/media/cache/04/c8/04c8a51d23d4335d300324e917ca4d8f.jpg,https://books.toscrape.com/,2026-08-05 09:20:58.044381+00:00
Harry Potter and the Prisoner of Azkaban (Harry Potter #3),4,Four,£24.17,Young Adult,https://books.toscrape.com/catalogue/harry-potter-and-the-prisoner-of-azkaban-harry-potter-3_328/index.html,https://books.toscrape.com/media/cache/d1/fb/d1fbdddb0d4fb0c445a33c6d003d0990.jpg,https://books.toscrape.com/,2026-08-05 09:20:58.488501+00:00
Harry Potter and the Order of the Phoenix (Harry Potter #5),4,Four,£31.63,Fantasy,https://books.toscrape.com/catalogue/harry-potter-and-the-order-of-the-phoenix-harry-potter-5_327/index.html,https://books.toscrape.com/media/cache/96/11/9611147982037cd7d79483452938c10f.jpg,https://books.toscrape.com/,2026-08-05 09:20:58.929377+00:00
Harry Potter and the Half-Blood Prince (Harry Potter #6),4,Five,£48.75,Fantasy,https://books.toscrape.com/catalogue/harry-potter-and-the-half-blood-prince-harry-potter-6_326/index.html,https://books.toscrape.com/media/cache/c8/24/c8248518fb59de3a798a4b5baae949b5.jpg,https://books.toscrape.com/,2026-08-05 09:20:59.364299+00:00
Harry Potter and the Chamber of Secrets (Harry Potter #2),4,One,£14.74,Fantasy,https://books.toscrape.com/catalogue/harry-potter-and-the-chamber-of-secrets-harry-potter-2_325/index.html,https://books.toscrape.com/media/cache/fc/08/fc08dcfc1ae86bbd5bc0bca74c9b6d3d.jpg,https://books.toscrape.com/,2026-08-05 09:20:59.792601+00:00
Gone with the Wind,4,Three,£32.49,Classics,https://books.toscrape.com/catalogue/gone-with-the-wind_324/index.html,https://books.toscrape.com/media/cache/27/82/2782701b5c877cb063065b9fc14c5b13.jpg,https://books.toscrape.com/,2026-08-05 09:21:00.233615+00:00
God Is Not Great: How Religion Poisons Everything,4,One,£27.80,Nonfiction,https://books.toscrape.com/catalogue/god-is-not-great-how-religion-poisons-everything_323/index.html,https://books.toscrape.com/media/cache/d2/80/d280aed3d0c46653a9c33f76559e9e6d.jpg,https://books.toscrape.com/,2026-08-05 09:21:00.657122+00:00
Girl With a Pearl Earring,4,One,£26.77,Historical Fiction,https://books.toscrape.com/catalogue/girl-with-a-pearl-earring_322/index.html,https://books.toscrape.com/media/cache/b7/ad/b7ad37d93d8401c84d7325aa645ff6d5.jpg,https://books.toscrape.com/,2026-08-05 09:21:00.970627+00:00
"Fruits Basket, Vol. 4 (Fruits Basket #4)",4,Four,£50.44,Sequential Art,https://books.toscrape.com/catalogue/fruits-basket-vol-4-fruits-basket-4_321/index.html,https://books.toscrape.com/media/cache/38/79/38794d8729a111018260d931e7101de2.jpg,https://books.toscrape.com/,2026-08-05 09:21:01.275067+00:00
Far From True (Promise Falls Trilogy #2),4,Two,£34.93,Thriller,https://books.toscrape.com/catalogue/far-from-true-promise-falls-trilogy-2_320/index.html,https://books.toscrape.com/media/cache/87/54/8754267f27581996f93e8d94d3c04bf9.jpg,https://books.toscrape.com/,2026-08-05 09:21:02.050013+00:00
Dark Lover (Black Dagger Brotherhood #1),4,One,£12.87,Romance,https://books.toscrape.com/catalogue/dark-lover-black-dagger-brotherhood-1_319/index.html,https://books.toscrape.com/media/cache/3c/a2/3ca2e61181fc1122658af8f85354bae8.jpg,https://books.toscrape.com/,2026-08-05 09:21:02.495599+00:00
Confessions of a Shopaholic (Shopaholic #1),4,Two,£48.94,Default,https://books.toscrape.com/catalogue/confessions-of-a-shopaholic-shopaholic-1_318/index.html,https://books.toscrape.com/media/cache/e3/b5/e3b5a3dcc2993295f5a6fb429052799c.jpg,https://books.toscrape.com/,2026-08-05 09:21:02.804977+00:00
Changing the Game (Play by Play #2),4,Three,£13.38,Romance,https://books.toscrape.com/catalogue/changing-the-game-play-by-play-2_317/index.html,https://books.toscrape.com/media/cache/57/47/57472d9c6d483bee9c38c90bfa10b3ee.jpg,https://books.toscrape.com/,2026-08-05 09:21:03.118055+00:00
Candide,4,Three,£58.63,Classics,https://books.toscrape.com/catalogue/candide_316/index.html,https://books.toscrape.com/media/cache/e3/c4/e3c4aba2409bb769a6488805e3fc4709.jpg,https://books.toscrape.com/,2026-08-05 09:21:03.551675+00:00
Can You Keep a Secret?,4,One,£21.94,Womens Fiction,https://books.toscrape.com/catalogue/can-you-keep-a-secret_315/index.html,https://books.toscrape.com/media/cache/72/73/7273ff1bfe3b0a6aab7f54ddf9be7b44.jpg,https://books.toscrape.com/,2026-08-05 09:21:03.849047+00:00
Atlas Shrugged,4,Five,£26.58,Fiction,https://books.toscrape.com/catalogue/atlas-shrugged_314/index.html,https://books.toscrape.com/media/cache/a5/4f/a54fea8d034eba2ee4d1b8af30f1a308.jpg,https://books.toscrape.com/,2026-08-05 09:21:04.153600+00:00
Animal Farm,4,Three,£57.22,Classics,https://books.toscrape.com/catalogue/animal-farm_313/index.html,https://books.toscrape.com/media/cache/10/db/10db56354b4550d92270c6f097d9bebc.jpg,https://books.toscrape.com/,2026-08-05 09:21:04.488170+00:00
A Walk to Remember,4,One,£56.43,Romance,https://books.toscrape.com/catalogue/a-walk-to-remember_312/index.html,https://books.toscrape.com/media/cache/fa/1b/fa1b0fac146201645c740b02802e2211.jpg,https://books.toscrape.com/,2026-08-05 09:21:04.813969+00:00
A New Earth: Awakening to Your Life's Purpose,4,Five,£55.65,Spirituality,https://books.toscrape.com/catalogue/a-new-earth-awakening-to-your-lifes-purpose_311/index.html,https://books.toscrape.com/media/cache/83/c8/83c834b3779be4e577c37ead6d2acf65.jpg,https://books.toscrape.com/,2026-08-05 09:21:05.257104+00:00
"A History of God: The 4,000-Year Quest of Judaism, Christianity, and Islam",4,One,£27.62,Religion,https://books.toscrape.com/catalogue/a-history-of-god-the-4000-year-quest-of-judaism-christianity-and-islam_310/index.html,https://books.toscrape.com/media/cache/71/91/7191a7d76eb6c3a18259541e2c038ae3.jpg,https://books.toscrape.com/,2026-08-05 09:21:05.581752+00:00
'Salem's Lot,4,Four,£49.56,Horror,https://books.toscrape.com/catalogue/salems-lot_309/index.html,https://books.toscrape.com/media/cache/ee/d3/eed3afc5e444e3da5eec34e2b0036ec7.jpg,https://books.toscrape.com/,2026-08-05 09:21:05.901240+00:00
Zero History (Blue Ant #3),3,One,£34.77,Default,https://books.toscrape.com/catalogue/zero-history-blue-ant-3_308/index.html,https://books.toscrape.com/media/cache/74/52/74524b04dc99cbfc7bf5d37fcc1489ab.jpg,https://books.toscrape.com/,2026-08-05 09:21:06.231465+00:00
Wuthering Heights,3,Three,£17.73,Classics,https://books.toscrape.com/catalogue/wuthering-heights_307/index.html,https://books.toscrape.com/media/cache/93/4e/934e966c1ddf559d3ac2b5c1407aaf1e.jpg,https://books.toscrape.com/,2026-08-05 09:21:06.654286+00:00
World War Z: An Oral History of the Zombie War,3,One,£21.80,Default,https://books.toscrape.com/catalogue/world-war-z-an-oral-history-of-the-zombie-war_306/index.html,https://books.toscrape.com/media/cache/7e/bf/7ebfa1c62b21beeaad37a6474a39cfe8.jpg,https://books.toscrape.com/,2026-08-05 09:21:06.968386+00:00
Wild: From Lost to Found on the Pacific Crest Trail,3,Three,£46.02,Default,https://books.toscrape.com/catalogue/wild-from-lost-to-found-on-the-pacific-crest-trail_305/index.html,https://books.toscrape.com/media/cache/c8/41/c841873951efb18dea28162452efff58.jpg,https://books.toscrape.com/,2026-08-05 09:21:07.392725+00:00
"Where'd You Go, Bernadette",3,One,£18.13,Default,https://books.toscrape.com/catalogue/whered-you-go-bernadette_304/index.html,https://books.toscrape.com/media/cache/c6/7e/c67eb0d6e56c4459e8c0d45c08471a89.jpg,https://books.toscrape.com/,2026-08-05 09:21:07.712675+00:00
When You Are Engulfed in Flames,3,Five,£30.89,Humor,https://books.toscrape.com/catalogue/when-you-are-engulfed-in-flames_303/index.html,https://books.toscrape.com/media/cache/73/36/733662595aede2dff1a5be1e76a3b936.jpg,https://books.toscrape.com/,2026-08-05 09:21:08.025942+00:00
We the People: The Modern-Day Figures Who Have Reshaped and Affirmed the Founding Fathers' Vision of America,3,Three,£31.95,Nonfiction,https://books.toscrape.com/catalogue/we-the-people-the-modern-day-figures-who-have-reshaped-and-affirmed-the-founding-fathers-vision-of-america_302/index.html,https://books.toscrape.com/media/cache/f6/52/f65271ce557e9192537e24847bbb1210.jpg,https://books.toscrape.com/,2026-08-05 09:21:08.353128+00:00
We Are All Completely Beside Ourselves,3,One,£24.04,Contemporary,https://books.toscrape.com/catalogue/we-are-all-completely-beside-ourselves_301/index.html,https://books.toscrape.com/media/cache/4d/18/4d1891e435c6692c864331c585e0d014.jpg,https://books.toscrape.com/,2026-08-05 09:21:08.663590+00:00
Walk the Edge (Thunder Road #2),3,Three,£32.36,Young Adult,https://books.toscrape.com/catalogue/walk-the-edge-thunder-road-2_300/index.html,https://books.toscrape.com/media/cache/61/2c/612ce7fa4cbee472392ce8721a4e863e.jpg,https://books.toscrape.com/,2026-08-05 09:21:09.448089+00:00
Voyager (Outlander #3),3,Five,£21.07,Historical Fiction,https://books.toscrape.com/catalogue/voyager-outlander-3_299/index.html,https://books.toscrape.com/media/cache/b5/d8/b5d813da01f2ccd7bcfe34e2b875e752.jpg,https://books.toscrape.com/,2026-08-05 09:21:09.897836+00:00
Very Good Lives: The Fringe Benefits of Failure and the Importance of Imagination,3,Three,£50.66,Nonfiction,https://books.toscrape.com/catalogue/very-good-lives-the-fringe-benefits-of-failure-and-the-importance-of-imagination_298/index.html,https://books.toscrape.com/media/cache/ab/ac/abac4222af5cc296b704a0e5df82e162.jpg,https://books.toscrape.com/,2026-08-05 09:21:11.039866+00:00
Vegan Vegetarian Omnivore: Dinner for Everyone at the Table,3,Two,£13.66,Food and Drink,https://books.toscrape.com/catalogue/vegan-vegetarian-omnivore-dinner-for-everyone-at-the-table_297/index.html,https://books.toscrape.com/media/cache/80/63/80631f8bca036361343fdce528725654.jpg,https://books.toscrape.com/,2026-08-05 09:21:12.511295+00:00
"Unstuffed: Decluttering Your Home, Mind, and Soul",3,One,£58.09,Nonfiction,https://books.toscrape.com/catalogue/unstuffed-decluttering-your-home-mind-and-soul_296/index.html,https://books.toscrape.com/media/cache/14/07/1407c2d6318956b10abd970c2e83154d.jpg,https://books.toscrape.com/,2026-08-05 09:21:12.942631+00:00
Under the Banner of Heaven: A Story of Violent Faith,3,One,£30.00,Nonfiction,https://books.toscrape.com/catalogue/under-the-banner-of-heaven-a-story-of-violent-faith_295/index.html,https://books.toscrape.com/media/cache/14/2f/142f99787241bb65e031a76e74e14d1b.jpg,https://books.toscrape.com/,2026-08-05 09:21:13.386972+00:00
Two Boys Kissing,3,Two,£32.74,Young Adult,https://books.toscrape.com/catalogue/two-boys-kissing_294/index.html,https://books.toscrape.com/media/cache/53/bd/53bd80b1fc1914f418dc31a9d6571cb1.jpg,https://books.toscrape.com/,2026-08-05 09:21:13.685619+00:00
Twilight (Twilight #1),3,Two,£41.93,Default,https://books.toscrape.com/catalogue/twilight-twilight-1_293/index.html,https://books.toscrape.com/media/cache/70/10/7010c24f80a4172f7405677ef0592f26.jpg,https://books.toscrape.com/,2026-08-05 09:21:14.370427+00:00
Twenties Girl,3,Two,£42.80,Womens Fiction,https://books.toscrape.com/catalogue/twenties-girl_292/index.html,https://books.toscrape.com/media/cache/a0/fa/a0fa38039f6a674a7c89dfe2be866259.jpg,https://books.toscrape.com/,2026-08-05 09:21:14.671858+00:00
"Trespassing Across America: One Man's Epic, Never-Done-Before (and Sort of Illegal) Hike Across the Heartland",3,One,£53.51,Nonfiction,https://books.toscrape.com/catalogue/trespassing-across-america-one-mans-epic-never-done-before-and-sort-of-illegal-hike-across-the-heartland_291/index.html,https://books.toscrape.com/media/cache/77/bc/77bcc3cde72998ee488ac169f7e4e540.jpg,https://books.toscrape.com/,2026-08-05 09:21:15.095111+00:00
Three-Martini Lunch,3,Three,£23.21,Fiction,https://books.toscrape.com/catalogue/three-martini-lunch_290/index.html,https://books.toscrape.com/media/cache/1d/8e/1d8eb8aaebd14464fc58a681091b8d45.jpg,https://books.toscrape.com/,2026-08-05 09:21:15.675128+00:00
"Thinking, Fast and Slow",3,One,£21.14,Psychology,https://books.toscrape.com/catalogue/thinking-fast-and-slow_289/index.html,https://books.toscrape.com/media/cache/b4/a5/b4a56663d56f1e84ee1b15bd819563cc.jpg,https://books.toscrape.com/,2026-08-05 09:21:15.980990+00:00
The Wild Robot,3,Three,£56.07,Childrens,https://books.toscrape.com/catalogue/the-wild-robot_288/index.html,https://books.toscrape.com/media/cache/bf/db/bfdbf9726621276fc7821d705690dbae.jpg,https://books.toscrape.com/,2026-08-05 09:21:16.293209+00:00
"The Wicked + The Divine, Vol. 3: Commercial Suicide (The Wicked + The Divine)",3,Three,£14.41,Sequential Art,https://books.toscrape.com/catalogue/the-wicked-the-divine-vol-3-commercial-suicide-the-wicked-the-divine_287/index.html,https://books.toscrape.com/media/cache/ee/ed/eeeddf8af9e6cc8c7f71c0e41de1b562.jpg,https://books.toscrape.com/,2026-08-05 09:21:16.735648+00:00
The Undomestic Goddess,3,Four,£45.75,Womens Fiction,https://books.toscrape.com/catalogue/the-undomestic-goddess_286/index.html,https://books.toscrape.com/media/cache/13/8f/138f4cf84be250d08e1f5c1db3643dbc.jpg,https://books.toscrape.com/,2026-08-05 09:21:17.149119+00:00
The Travelers,3,One,£15.77,Thriller,https://books.toscrape.com/catalogue/the-travelers_285/index.html,https://books.toscrape.com/media/cache/2a/a8/2aa8afd15f97617ab75f616766161cda.jpg,https://books.toscrape.com/,2026-08-05 09:21:17.592498+00:00
The Tipping Point: How Little Things Can Make a Big Difference,3,Two,£10.02,Add a comment,https://books.toscrape.com/catalogue/the-tipping-point-how-little-things-can-make-a-big-difference_284/index.html,https://books.toscrape.com/media/cache/27/3d/273d4c813111bc482e8c473ebd90fbbb.jpg,https://books.toscrape.com/,2026-08-05 09:21:18.040303+00:00
The Thing About Jellyfish,3,One,£48.77,Childrens,https://books.toscrape.com/catalogue/the-thing-about-jellyfish_283/index.html,https://books.toscrape.com/media/cache/e0/90/e090748ce5a567207aed9185c97eb34b.jpg,https://books.toscrape.com/,2026-08-05 09:21:18.351031+00:00
The Stand,3,Two,£57.86,Horror,https://books.toscrape.com/catalogue/the-stand_282/index.html,https://books.toscrape.com/media/cache/3a/7c/3a7c2393061031e7911d7b533b723391.jpg,https://books.toscrape.com/,2026-08-05 09:21:18.780410+00:00
The Smitten Kitchen Cookbook,3,One,£23.59,Food and Drink,https://books.toscrape.com/catalogue/the-smitten-kitchen-cookbook_281/index.html,https://books.toscrape.com/media/cache/8e/09/8e09faaea71886048b27959e607e6c7b.jpg,https://books.toscrape.com/,2026-08-05 09:21:19.083443+00:00
The Silkworm (Cormoran Strike #2),3,Five,£23.05,Mystery,https://books.toscrape.com/catalogue/the-silkworm-cormoran-strike-2_280/index.html,https://books.toscrape.com/media/cache/3a/2c/3a2c46cd40a7ecbd7c40815d6390fb8a.jpg,https://books.toscrape.com/,2026-08-05 09:21:20.219542+00:00
"The Sandman, Vol. 3: Dream Country (The Sandman (volumes) #3)",3,Five,£55.55,Sequential Art,https://books.toscrape.com/catalogue/the-sandman-vol-3-dream-country-the-sandman-volumes-3_279/index.html,https://books.toscrape.com/media/cache/bb/18/bb1845c22faea465cad3d556d22936a2.jpg,https://books.toscrape.com/,2026-08-05 09:21:20.645247+00:00
The Rose & the Dagger (The Wrath and the Dawn #2),3,Four,£58.64,Fantasy,https://books.toscrape.com/catalogue/the-rose-the-dagger-the-wrath-and-the-dawn-2_278/index.html,https://books.toscrape.com/media/cache/57/9c/579cd2ca789c8a796a1864d08ee8d686.jpg,https://books.toscrape.com/,2026-08-05 09:21:21.067805+00:00
The Road to Little Dribbling: Adventures of an American in Britain (Notes From a Small Island #2),3,One,£23.21,Travel,https://books.toscrape.com/catalogue/the-road-to-little-dribbling-adventures-of-an-american-in-britain-notes-from-a-small-island-2_277/index.html,https://books.toscrape.com/media/cache/e0/4f/e04f8eda2a2fa947aec17640202d9ab0.jpg,https://books.toscrape.com/,2026-08-05 09:21:21.503210+00:00
The Rise of Theodore Roosevelt (Theodore Roosevelt #1),3,Three,£42.57,Biography,https://books.toscrape.com/catalogue/the-rise-of-theodore-roosevelt-theodore-roosevelt-1_276/index.html,https://books.toscrape.com/media/cache/ff/d4/ffd45d95f314555e20c923d3522adea7.jpg,https://books.toscrape.com/,2026-08-05 09:21:21.927651+00:00
The Restaurant at the End of the Universe (Hitchhiker's Guide to the Galaxy #2),3,One,£10.92,Science Fiction,https://books.toscrape.com/catalogue/the-restaurant-at-the-end-of-the-universe-hitchhikers-guide-to-the-galaxy-2_275/index.html,https://books.toscrape.com/media/cache/b8/b2/b8b2956acc758a381beef87339c0a52f.jpg,https://books.toscrape.com/,2026-08-05 09:21:22.244014+00:00
The Rest Is Noise: Listening to the Twentieth Century,3,One,£34.77,Add a comment,https://books.toscrape.com/catalogue/the-rest-is-noise-listening-to-the-twentieth-century_274/index.html,https://books.toscrape.com/media/cache/4d/e1/4de1d174bf4ab498788c9488c9fd29fc.jpg,https://books.toscrape.com/,2026-08-05 09:21:22.678243+00:00
The Red Tent,3,Five,£35.66,Historical Fiction,https://books.toscrape.com/catalogue/the-red-tent_273/index.html,https://books.toscrape.com/media/cache/b2/8f/b28f211e50e74445ca071d4279d1080d.jpg,https://books.toscrape.com/,2026-08-05 09:21:22.986452+00:00
The Purpose Driven Life: What on Earth Am I Here for?,3,Three,£37.19,Add a comment,https://books.toscrape.com/catalogue/the-purpose-driven-life-what-on-earth-am-i-here-for_272/index.html,https://books.toscrape.com/media/cache/95/08/9508e6b28fe4c63e67b3ef33f11eff98.jpg,https://books.toscrape.com/,2026-08-05 09:21:23.412336+00:00
The Purest Hook (Second Circle Tattoos #3),3,One,£12.25,Romance,https://books.toscrape.com/catalogue/the-purest-hook-second-circle-tattoos-3_271/index.html,https://books.toscrape.com/media/cache/15/68/1568ef85fdb4e405b9f8bc62ef855c10.jpg,https://books.toscrape.com/,2026-08-05 09:21:23.854571+00:00
The Picture of Dorian Gray,3,Two,£29.70,Classics,https://books.toscrape.com/catalogue/the-picture-of-dorian-gray_270/index.html,https://books.toscrape.com/media/cache/a6/72/a67245346daa38c2b23a4fc64c6e7115.jpg,https://books.toscrape.com/,2026-08-05 09:21:24.297688+00:00
The Paris Wife,3,Three,£36.80,Default,https://books.toscrape.com/catalogue/the-paris-wife_269/index.html,https://books.toscrape.com/media/cache/01/c8/01c847671683538fcf084eede54d6270.jpg,https://books.toscrape.com/,2026-08-05 09:21:24.606392+00:00
The Obsession,3,One,£45.43,Romance,https://books.toscrape.com/catalogue/the-obsession_268/index.html,https://books.toscrape.com/media/cache/24/93/2493c74c614afcc435cc00e33bd55f64.jpg,https://books.toscrape.com/,2026-08-05 09:21:25.030987+00:00
The Nightingale,3,Four,£26.26,Fiction,https://books.toscrape.com/catalogue/the-nightingale_267/index.html,https://books.toscrape.com/media/cache/77/aa/77aa0ef1f62a0b0b40000a81f65c4e65.jpg,https://books.toscrape.com/,2026-08-05 09:21:25.474818+00:00
The New Guy (and Other Senior Year Distractions),3,Three,£44.92,Young Adult,https://books.toscrape.com/catalogue/the-new-guy-and-other-senior-year-distractions_266/index.html,https://books.toscrape.com/media/cache/d8/9d/d89dc869d5ea1462fd746ac6de97583f.jpg,https://books.toscrape.com/,2026-08-05 09:21:25.905524+00:00
The Nanny Diaries (Nanny #1),3,Five,£52.53,Womens Fiction,https://books.toscrape.com/catalogue/the-nanny-diaries-nanny-1_265/index.html,https://books.toscrape.com/media/cache/63/5f/635fb981e464f7427787824b20a15e71.jpg,https://books.toscrape.com/,2026-08-05 09:21:26.335468+00:00
The Name of God is Mercy,3,Two,£37.25,Nonfiction,https://books.toscrape.com/catalogue/the-name-of-god-is-mercy_264/index.html,https://books.toscrape.com/media/cache/d2/41/d241ca89679593a589a6614162ab6eb6.jpg,https://books.toscrape.com/,2026-08-05 09:21:26.661789+00:00
The Maze Runner (The Maze Runner #1),3,One,£20.93,Default,https://books.toscrape.com/catalogue/the-maze-runner-the-maze-runner-1_263/index.html,https://books.toscrape.com/media/cache/5e/87/5e87e44785de47c2a03091deaa82330f.jpg,https://books.toscrape.com/,2026-08-05 09:21:27.943915+00:00
The Lover's Dictionary,3,Two,£58.09,Default,https://books.toscrape.com/catalogue/the-lovers-dictionary_262/index.html,https://books.toscrape.com/media/cache/47/e7/47e7563b0731a2b8131233f70d211f7a.jpg,https://books.toscrape.com/,2026-08-05 09:21:28.377030+00:00
The Lonely Ones,3,Five,£43.59,Childrens,https://books.toscrape.com/catalogue/the-lonely-ones_261/index.html,https://books.toscrape.com/media/cache/21/bd/21bdf7ae21476b1debf4aa3eefe6f29d.jpg,https://books.toscrape.com/,2026-08-05 09:21:28.811806+00:00
The Lean Startup: How Today's Entrepreneurs Use Continuous Innovation to Create Radically Successful Businesses,3,Three,£33.92,Business,https://books.toscrape.com/catalogue/the-lean-startup-how-todays-entrepreneurs-use-continuous-innovation-to-create-radically-successful-businesses_260/index.html,https://books.toscrape.com/media/cache/39/f1/39f167dff90d7f84f5c8dc5e05d4051b.jpg,https://books.toscrape.com/,2026-08-05 09:21:29.824482+00:00
The Last Painting of Sara de Vos,3,Two,£55.55,Historical Fiction,https://books.toscrape.com/catalogue/the-last-painting-of-sara-de-vos_259/index.html,https://books.toscrape.com/media/cache/bf/fd/bffd473ab232c5f35e8c81bb927f1624.jpg,https://books.toscrape.com/,2026-08-05 09:21:30.264137+00:00
"The Land of 10,000 Madonnas",3,Four,£29.64,Young Adult,https://books.toscrape.com/catalogue/the-land-of-10000-madonnas_258/index.html,https://books.toscrape.com/media/cache/ae/93/ae93b007df22c99ea2ff2f907b06663e.jpg,https://books.toscrape.com/,2026-08-05 09:21:30.702503+00:00
The Infinities,3,One,£27.41,Fiction,https://books.toscrape.com/catalogue/the-infinities_257/index.html,https://books.toscrape.com/media/cache/9c/44/9c445b33d53b3810f1c12f4adad71a27.jpg,https://books.toscrape.com/,2026-08-05 09:21:31.143437+00:00
The Husband's Secret,3,Five,£52.51,Fiction,https://books.toscrape.com/catalogue/the-husbands-secret_256/index.html,https://books.toscrape.com/media/cache/f0/5b/f05be79a4b319e24819c318e35e6963c.jpg,https://books.toscrape.com/,2026-08-05 09:21:31.460702+00:00
The Hitchhiker's Guide to the Galaxy (Hitchhiker's Guide to the Galaxy #1),3,Three,£47.80,Add a comment,https://books.toscrape.com/catalogue/the-hitchhikers-guide-to-the-galaxy-hitchhikers-guide-to-the-galaxy-1_255/index.html,https://books.toscrape.com/media/cache/41/74/41747f533b211d324799a03dc64ed175.jpg,https://books.toscrape.com/,2026-08-05 09:21:31.903958+00:00
The Guns of August,3,Two,£14.54,History,https://books.toscrape.com/catalogue/the-guns-of-august_254/index.html,https://books.toscrape.com/media/cache/06/c8/06c897070611b78b80a37333cbb7851c.jpg,https://books.toscrape.com/,2026-08-05 09:21:32.332804+00:00
The Guernsey Literary and Potato Peel Pie Society,3,One,£49.53,Historical Fiction,https://books.toscrape.com/catalogue/the-guernsey-literary-and-potato-peel-pie-society_253/index.html,https://books.toscrape.com/media/cache/18/f7/18f7bf6366cd7a8b947fd790d808047b.jpg,https://books.toscrape.com/,2026-08-05 09:21:32.658400+00:00
The Goldfinch,3,Three,£43.58,Default,https://books.toscrape.com/catalogue/the-goldfinch_252/index.html,https://books.toscrape.com/media/cache/fb/4d/fb4dde3351d00ef104f29aeecd2d41fb.jpg,https://books.toscrape.com/,2026-08-05 09:21:32.969651+00:00
The Giver (The Giver Quartet #1),3,One,£12.30,Default,https://books.toscrape.com/catalogue/the-giver-the-giver-quartet-1_251/index.html,https://books.toscrape.com/media/cache/b3/ed/b3eda9490c9e2ed02c3a8650e687731b.jpg,https://books.toscrape.com/,2026-08-05 09:21:33.290858+00:00
The Girl with All the Gifts,3,Three,£49.47,Horror,https://books.toscrape.com/catalogue/the-girl-with-all-the-gifts_250/index.html,https://books.toscrape.com/media/cache/41/c7/41c74d82b853606fe98182c417b4669c.jpg,https://books.toscrape.com/,2026-08-05 09:21:33.715682+00:00
The Girl Who Played with Fire (Millennium Trilogy #2),3,Two,£22.14,Default,https://books.toscrape.com/catalogue/the-girl-who-played-with-fire-millennium-trilogy-2_249/index.html,https://books.toscrape.com/media/cache/11/71/117145e4525b2e801e2cd1ba4dd70441.jpg,https://books.toscrape.com/,2026-08-05 09:21:34.024557+00:00
The Girl Who Kicked the Hornet's Nest (Millennium Trilogy #3),3,One,£57.48,Add a comment,https://books.toscrape.com/catalogue/the-girl-who-kicked-the-hornets-nest-millennium-trilogy-3_248/index.html,https://books.toscrape.com/media/cache/2a/a2/2aa2d8c4a8bfc1972c806ca16718e5c5.jpg,https://books.toscrape.com/,2026-08-05 09:21:34.441246+00:00
The Exiled,3,Three,£43.45,Mystery,https://books.toscrape.com/catalogue/the-exiled_247/index.html,https://books.toscrape.com/media/cache/2d/1a/2d1aeb1cc8a23064164e230fa232cc04.jpg,https://books.toscrape.com/,2026-08-05 09:21:34.877849+00:00
"The End of Faith: Religion, Terror, and the Future of Reason",3,Four,£22.13,Add a comment,https://books.toscrape.com/catalogue/the-end-of-faith-religion-terror-and-the-future-of-reason_246/index.html,https://books.toscrape.com/media/cache/9d/56/9d5631724c6496b2f012fa5d2f2b6abd.jpg,https://books.toscrape.com/,2026-08-05 09:21:36.175354+00:00
"The Elegant Universe: Superstrings, Hidden Dimensions, and the Quest for the Ultimate Theory",3,Four,£13.03,Science,https://books.toscrape.com/catalogue/the-elegant-universe-superstrings-hidden-dimensions-and-the-quest-for-the-ultimate-theory_245/index.html,https://books.toscrape.com/media/cache/69/c8/69c83860995cde393dbe6690ec3f1d4f.jpg,https://books.toscrape.com/,2026-08-05 09:21:36.780941+00:00
"The Disappearing Spoon: And Other True Tales of Madness, Love, and the History of the World from the Periodic Table of the Elements",3,Five,£57.35,Science,https://books.toscrape.com/catalogue/the-disappearing-spoon-and-other-true-tales-of-madness-love-and-the-history-of-the-world-from-the-periodic-table-of-the-elements_244/index.html,https://books.toscrape.com/media/cache/f9/69/f969969428b505970a46272fdcea00d3.jpg,https://books.toscrape.com/,2026-08-05 09:21:37.212821+00:00
The Devil Wears Prada (The Devil Wears Prada #1),3,One,£44.29,Womens Fiction,https://books.toscrape.com/catalogue/the-devil-wears-prada-the-devil-wears-prada-1_243/index.html,https://books.toscrape.com/media/cache/87/d3/87d34d376555dd0cb75030d1059cc144.jpg,https://books.toscrape.com/,2026-08-05 09:21:37.785240+00:00
The Demon-Haunted World: Science as a Candle in the Dark,3,Four,£52.25,Default,https://books.toscrape.com/catalogue/the-demon-haunted-world-science-as-a-candle-in-the-dark_242/index.html,https://books.toscrape.com/media/cache/4a/35/4a352dc298e4bbe6ba5f81bbc0d41ca0.jpg,https://books.toscrape.com/,2026-08-05 09:21:38.113262+00:00
The Day the Crayons Came Home (Crayons),3,Five,£26.33,Childrens,https://books.toscrape.com/catalogue/the-day-the-crayons-came-home-crayons_241/index.html,https://books.toscrape.com/media/cache/ec/08/ec08efebaa33a403e54080b48c139794.jpg,https://books.toscrape.com/,2026-08-05 09:21:38.557060+00:00
The Da Vinci Code (Robert Langdon #2),3,Two,£22.96,Fiction,https://books.toscrape.com/catalogue/the-da-vinci-code-robert-langdon-2_240/index.html,https://books.toscrape.com/media/cache/cf/d5/cfd553eaa00f4d6091c459081cd98199.jpg,https://books.toscrape.com/,2026-08-05 09:21:39.715242+00:00
The Cuckoo's Calling (Cormoran Strike #1),3,One,£19.21,Mystery,https://books.toscrape.com/catalogue/the-cuckoos-calling-cormoran-strike-1_239/index.html,https://books.toscrape.com/media/cache/11/81/11815f24d043f77d4f09a3522a688a5c.jpg,https://books.toscrape.com/,2026-08-05 09:21:40.156350+00:00
The Complete Stories and Poems (The Works of Edgar Allan Poe [Cameo Edition]),3,Four,£26.78,Classics,https://books.toscrape.com/catalogue/the-complete-stories-and-poems-the-works-of-edgar-allan-poe-cameo-edition_238/index.html,https://books.toscrape.com/media/cache/42/c4/42c48f11b7e70a0f76c5ba9cb5c5018a.jpg,https://books.toscrape.com/,2026-08-05 09:21:40.583717+00:00
The Complete Poems,3,Five,£41.32,Add a comment,https://books.toscrape.com/catalogue/the-complete-poems_237/index.html,https://books.toscrape.com/media/cache/e5/f2/e5f270cf4a079a7d411439abe17691e0.jpg,https://books.toscrape.com/,2026-08-05 09:21:41.017764+00:00
The Catcher in the Rye,3,One,£24.55,Add a comment,https://books.toscrape.com/catalogue/the-catcher-in-the-rye_236/index.html,https://books.toscrape.com/media/cache/70/f4/70f4dbf8110363f4e7ef32db0ce2a675.jpg,https://books.toscrape.com/,2026-08-05 09:21:41.454285+00:00
The Cat in the Hat (Beginner Books B-1),3,Two,£16.26,Childrens,https://books.toscrape.com/catalogue/the-cat-in-the-hat-beginner-books-b-1_235/index.html,https://books.toscrape.com/media/cache/9b/f1/9bf106306301a44635aa7bd381c84e4d.jpg,https://books.toscrape.com/,2026-08-05 09:21:41.897166+00:00
The Case for Christ (Cases for Christianity),3,One,£47.84,Add a comment,https://books.toscrape.com/catalogue/the-case-for-christ-cases-for-christianity_234/index.html,https://books.toscrape.com/media/cache/12/3d/123d05986974943a58c5cfa518e11e6d.jpg,https://books.toscrape.com/,2026-08-05 09:21:42.345840+00:00
The Book Thief,3,Two,£53.49,Default,https://books.toscrape.com/catalogue/the-book-thief_233/index.html,https://books.toscrape.com/media/cache/ff/a0/ffa08bf29ae0a5c9e91564dba71cde90.jpg,https://books.toscrape.com/,2026-08-05 09:21:42.772483+00:00
The Book of Basketball: The NBA According to The Sports Guy,3,Five,£44.84,Sports and Games,https://books.toscrape.com/catalogue/the-book-of-basketball-the-nba-according-to-the-sports-guy_232/index.html,https://books.toscrape.com/media/cache/61/2c/612caeb0b2acb35c100629f0f52a40d7.jpg,https://books.toscrape.com/,2026-08-05 09:21:43.207174+00:00
The Blind Side: Evolution of a Game,3,Five,£53.71,Add a comment,https://books.toscrape.com/catalogue/the-blind-side-evolution-of-a-game_231/index.html,https://books.toscrape.com/media/cache/5e/ee/5eeecab909b9e87ddfb6e3d31078fbbf.jpg,https://books.toscrape.com/,2026-08-05 09:21:43.790227+00:00
The Autobiography of Malcolm X,3,Two,£23.43,Default,https://books.toscrape.com/catalogue/the-autobiography-of-malcolm-x_230/index.html,https://books.toscrape.com/media/cache/84/07/84074b59293cc5bf4012ef0f60e90c4f.jpg,https://books.toscrape.com/,2026-08-05 09:21:44.085800+00:00
"The Art of Simple Food: Notes, Lessons, and Recipes from a Delicious Revolution",3,Three,£34.32,Food and Drink,https://books.toscrape.com/catalogue/the-art-of-simple-food-notes-lessons-and-recipes-from-a-delicious-revolution_229/index.html,https://books.toscrape.com/media/cache/96/57/9657c6d89024e343879a7b5512474f1e.jpg,https://books.toscrape.com/,2026-08-05 09:21:44.396951+00:00
The Art of Fielding,3,One,£22.10,Fiction,https://books.toscrape.com/catalogue/the-art-of-fielding_228/index.html,https://books.toscrape.com/media/cache/68/a6/68a6112c857e595c684f2a1a3287ba16.jpg,https://books.toscrape.com/,2026-08-05 09:21:44.830185+00:00
"Surely You're Joking, Mr. Feynman!: Adventures of a Curious Character",3,Two,£25.83,Science,https://books.toscrape.com/catalogue/surely-youre-joking-mr-feynman-adventures-of-a-curious-character_227/index.html,https://books.toscrape.com/media/cache/f8/bc/f8bcd489d33473e0819beaecccd5ebac.jpg,https://books.toscrape.com/,2026-08-05 09:21:45.347449+00:00
Stiff: The Curious Lives of Human Cadavers,3,Three,£36.74,Nonfiction,https://books.toscrape.com/catalogue/stiff-the-curious-lives-of-human-cadavers_226/index.html,https://books.toscrape.com/media/cache/a0/a0/a0a013b029130df92073f547df83ee5c.jpg,https://books.toscrape.com/,2026-08-05 09:21:45.765774+00:00
Spilled Milk: Based on a True Story,3,One,£49.51,Nonfiction,https://books.toscrape.com/catalogue/spilled-milk-based-on-a-true-story_225/index.html,https://books.toscrape.com/media/cache/a8/0d/a80d4310cab08a3660149fd3f2cf15c7.jpg,https://books.toscrape.com/,2026-08-05 09:21:46.195932+00:00
Something Borrowed (Darcy & Rachel #1),3,Five,£48.96,Womens Fiction,https://books.toscrape.com/catalogue/something-borrowed-darcy-rachel-1_224/index.html,https://books.toscrape.com/media/cache/6d/6d/6d6d5799190b4f9ef89f3bbc8b67d60d.jpg,https://books.toscrape.com/,2026-08-05 09:21:46.631355+00:00
Something Blue (Darcy & Rachel #2),3,One,£54.62,Womens Fiction,https://books.toscrape.com/catalogue/something-blue-darcy-rachel-2_223/index.html,https://books.toscrape.com/media/cache/72/f5/72f5ed312bc82afa386c9cd48d4e36dd.jpg,https://books.toscrape.com/,2026-08-05 09:21:46.926469+00:00
Soldier (Talon #3),3,Two,£24.72,Fantasy,https://books.toscrape.com/catalogue/soldier-talon-3_222/index.html,https://books.toscrape.com/media/cache/7b/96/7b96f6e11b388ee800c7fd17fe479444.jpg,https://books.toscrape.com/,2026-08-05 09:21:47.223945+00:00
Shopaholic & Baby (Shopaholic #5),3,Two,£46.45,Default,https://books.toscrape.com/catalogue/shopaholic-baby-shopaholic-5_221/index.html,https://books.toscrape.com/media/cache/f0/a4/f0a48c8cc6acd322eacd9d35e55d63e7.jpg,https://books.toscrape.com/,2026-08-05 09:21:47.663276+00:00
Seven Days in the Art World,3,Two,£52.33,Add a comment,https://books.toscrape.com/catalogue/seven-days-in-the-art-world_220/index.html,https://books.toscrape.com/media/cache/35/2c/352c1a7e155c5d03d073bf8ce1564caa.jpg,https://books.toscrape.com/,2026-08-05 09:21:48.815996+00:00
Seven Brief Lessons on Physics,3,Four,£30.60,Science,https://books.toscrape.com/catalogue/seven-brief-lessons-on-physics_219/index.html,https://books.toscrape.com/media/cache/c8/63/c863c222c130a1bc8685a1242dd2523d.jpg,https://books.toscrape.com/,2026-08-05 09:21:49.123970+00:00
Scarlet (The Lunar Chronicles #2),3,Four,£14.57,Young Adult,https://books.toscrape.com/catalogue/scarlet-the-lunar-chronicles-2_218/index.html,https://books.toscrape.com/media/cache/b6/5c/b65c3622c0da689990fd1d7f1a0b826c.jpg,https://books.toscrape.com/,2026-08-05 09:21:49.540652+00:00
Sarah's Key,3,One,£46.29,Add a comment,https://books.toscrape.com/catalogue/sarahs-key_217/index.html,https://books.toscrape.com/media/cache/95/b2/95b235aeeae2d1849b78562f36e10aec.jpg,https://books.toscrape.com/,2026-08-05 09:21:49.850463+00:00
"Saga, Volume 3 (Saga (Collected Editions) #3)",3,Five,£21.57,Sequential Art,https://books.toscrape.com/catalogue/saga-volume-3-saga-collected-editions-3_216/index.html,https://books.toscrape.com/media/cache/d8/fd/d8fd30b3e5781e880a3efe4c9495b417.jpg,https://books.toscrape.com/,2026-08-05 09:21:50.162939+00:00
Running with Scissors,3,Four,£12.91,Autobiography,https://books.toscrape.com/catalogue/running-with-scissors_215/index.html,https://books.toscrape.com/media/cache/66/c7/66c7a1537c8901e1e4ec217d1956bae8.jpg,https://books.toscrape.com/,2026-08-05 09:21:50.571863+00:00
Rogue Lawyer (Rogue Lawyer #1),3,Three,£50.11,Add a comment,https://books.toscrape.com/catalogue/rogue-lawyer-rogue-lawyer-1_214/index.html,https://books.toscrape.com/media/cache/92/e4/92e4e180ba8fbde3b8ac0c1e71cfc5f4.jpg,https://books.toscrape.com/,2026-08-05 09:21:50.988563+00:00
"Rise of the Rocket Girls: The Women Who Propelled Us, from Missiles to the Moon to Mars",3,Four,£41.67,Nonfiction,https://books.toscrape.com/catalogue/rise-of-the-rocket-girls-the-women-who-propelled-us-from-missiles-to-the-moon-to-mars_213/index.html,https://books.toscrape.com/media/cache/05/42/05428b0c7b79d0dbc521fd621e754083.jpg,https://books.toscrape.com/,2026-08-05 09:21:51.294298+00:00
Rework,3,Two,£44.88,Business,https://books.toscrape.com/catalogue/rework_212/index.html,https://books.toscrape.com/media/cache/54/10/5410a58193e2373c04b3021ade78a82b.jpg,https://books.toscrape.com/,2026-08-05 09:21:51.719961+00:00
Reservations for Two,3,Three,£11.10,Romance,https://books.toscrape.com/catalogue/reservations-for-two_211/index.html,https://books.toscrape.com/media/cache/39/a4/39a4d96a5bc75a34aae97676a4b854fa.jpg,https://books.toscrape.com/,2026-08-05 09:21:52.185928+00:00
Red: The True Story of Red Riding Hood,3,Three,£28.54,Childrens,https://books.toscrape.com/catalogue/red-the-true-story-of-red-riding-hood_210/index.html,https://books.toscrape.com/media/cache/70/4e/704e81b05e56dd84ecf607ea283952db.jpg,https://books.toscrape.com/,2026-08-05 09:21:52.609012+00:00
Ready Player One,3,Four,£19.07,Science Fiction,https://books.toscrape.com/catalogue/ready-player-one_209/index.html,https://books.toscrape.com/media/cache/51/34/513418bd1c6114f3ea1fd703278e20ef.jpg,https://books.toscrape.com/,2026-08-05 09:21:53.041965+00:00
Quiet: The Power of Introverts in a World That Can't Stop Talking,3,One,£43.55,Default,https://books.toscrape.com/catalogue/quiet-the-power-of-introverts-in-a-world-that-cant-stop-talking_208/index.html,https://books.toscrape.com/media/cache/ee/3a/ee3aebe36d1d0fa11a95a07067294b8c.jpg,https://books.toscrape.com/,2026-08-05 09:21:53.438719+00:00
Prodigy: The Graphic Novel (Legend: The Graphic Novel #2),3,Three,£43.63,Sequential Art,https://books.toscrape.com/catalogue/prodigy-the-graphic-novel-legend-the-graphic-novel-2_207/index.html,https://books.toscrape.com/media/cache/c9/a5/c9a559e3ba407c1d70ebfc4e2f0d82db.jpg,https://books.toscrape.com/,2026-08-05 09:21:53.786170+00:00
Persepolis: The Story of a Childhood (Persepolis #1-2),3,One,£39.13,Sequential Art,https://books.toscrape.com/catalogue/persepolis-the-story-of-a-childhood-persepolis-1-2_206/index.html,https://books.toscrape.com/media/cache/14/98/14987a55d9609e706d2619814e2a8b0a.jpg,https://books.toscrape.com/,2026-08-05 09:21:54.213427+00:00
Packing for Mars: The Curious Science of Life in the Void,3,Two,£56.68,Default,https://books.toscrape.com/catalogue/packing-for-mars-the-curious-science-of-life-in-the-void_205/index.html,https://books.toscrape.com/media/cache/8d/72/8d7216b05e1b5edf9bdb0d2db295ca33.jpg,https://books.toscrape.com/,2026-08-05 09:21:54.536877+00:00
Outliers: The Story of Success,3,One,£14.16,Nonfiction,https://books.toscrape.com/catalogue/outliers-the-story-of-success_204/index.html,https://books.toscrape.com/media/cache/70/37/70372ab3240019fbe2de6cd407c98675.jpg,https://books.toscrape.com/,2026-08-05 09:21:54.964099+00:00
Original Fake,3,Three,£31.45,Sequential Art,https://books.toscrape.com/catalogue/original-fake_203/index.html,https://books.toscrape.com/media/cache/e7/29/e72934871f9b42a807d976670a446e12.jpg,https://books.toscrape.com/,2026-08-05 09:21:55.260395+00:00
Orange Is the New Black,3,Two,£24.61,Default,https://books.toscrape.com/catalogue/orange-is-the-new-black_202/index.html,https://books.toscrape.com/media/cache/d9/ea/d9ea34aea25469189bca07af6a18790a.jpg,https://books.toscrape.com/,2026-08-05 09:21:55.691916+00:00
One for the Money (Stephanie Plum #1),3,Two,£32.87,Default,https://books.toscrape.com/catalogue/one-for-the-money-stephanie-plum-1_201/index.html,https://books.toscrape.com/media/cache/4e/52/4e52f087337abef25de62845f093ed6e.jpg,https://books.toscrape.com/,2026-08-05 09:21:56.000929+00:00
Notes from a Small Island (Notes From a Small Island #1),3,One,£40.17,Nonfiction,https://books.toscrape.com/catalogue/notes-from-a-small-island-notes-from-a-small-island-1_200/index.html,https://books.toscrape.com/media/cache/61/39/61393c43f7caaccaa07daccaa8530736.jpg,https://books.toscrape.com/,2026-08-05 09:21:56.767896+00:00
Night (The Night Trilogy #1),3,One,£13.51,Nonfiction,https://books.toscrape.com/catalogue/night-the-night-trilogy-1_199/index.html,https://books.toscrape.com/media/cache/e3/cc/e3ccf96311f9c1b9e9ecc80e16c05f4e.jpg,https://books.toscrape.com/,2026-08-05 09:21:57.073152+00:00
Neither Here nor There: Travels in Europe,3,Three,£38.95,Travel,https://books.toscrape.com/catalogue/neither-here-nor-there-travels-in-europe_198/index.html,https://books.toscrape.com/media/cache/06/81/0681530a7bc301caf5c3257e1b0f0750.jpg,https://books.toscrape.com/,2026-08-05 09:21:57.376053+00:00
Naked,3,Three,£31.69,Humor,https://books.toscrape.com/catalogue/naked_197/index.html,https://books.toscrape.com/media/cache/e7/12/e71268a559d73826aa64151d47357a12.jpg,https://books.toscrape.com/,2026-08-05 09:21:57.692767+00:00
Morning Star (Red Rising #3),3,One,£29.40,Default,https://books.toscrape.com/catalogue/morning-star-red-rising-3_196/index.html,https://books.toscrape.com/media/cache/b5/f0/b5f04530d0343e763a80ef3f2dbdb386.jpg,https://books.toscrape.com/,2026-08-05 09:21:58.005218+00:00
"Miracles from Heaven: A Little Girl, Her Journey to Heaven, and Her Amazing Story of Healing",3,One,£57.83,Nonfiction,https://books.toscrape.com/catalogue/miracles-from-heaven-a-little-girl-her-journey-to-heaven-and-her-amazing-story-of-healing_195/index.html,https://books.toscrape.com/media/cache/7c/8e/7c8ea0cef3825cc6ddae55267c55a59e.jpg,https://books.toscrape.com/,2026-08-05 09:21:58.426577+00:00
Midnight Riot (Peter Grant/ Rivers of London - books #1),3,Two,£55.46,Fantasy,https://books.toscrape.com/catalogue/midnight-riot-peter-grant-rivers-of-london-books-1_194/index.html,https://books.toscrape.com/media/cache/e6/57/e6574a313ad7e6adf97a1d71318f9a7f.jpg,https://books.toscrape.com/,2026-08-05 09:21:58.754890+00:00
Me Talk Pretty One Day,3,Two,£57.60,Autobiography,https://books.toscrape.com/catalogue/me-talk-pretty-one-day_193/index.html,https://books.toscrape.com/media/cache/98/9f/989fe700e9e6bdec4fc3217daa5b7df3.jpg,https://books.toscrape.com/,2026-08-05 09:21:59.190771+00:00
Manuscript Found in Accra,3,Two,£34.98,Add a comment,https://books.toscrape.com/catalogue/manuscript-found-in-accra_192/index.html,https://books.toscrape.com/media/cache/26/b7/26b72a3c1cf2a8afdbe92fa1a1d78f41.jpg,https://books.toscrape.com/,2026-08-05 09:21:59.506193+00:00
Lust & Wonder,3,Two,£11.87,Autobiography,https://books.toscrape.com/catalogue/lust-wonder_191/index.html,https://books.toscrape.com/media/cache/61/ba/61ba5bc1ee3d8cb3dd350120ffa3f31e.jpg,https://books.toscrape.com/,2026-08-05 09:21:59.830704+00:00
Lila (Gilead #3),3,Three,£12.47,Fiction,https://books.toscrape.com/catalogue/lila-gilead-3_190/index.html,https://books.toscrape.com/media/cache/2b/99/2b99a765a013979637b4a6726bfb10f5.jpg,https://books.toscrape.com/,2026-08-05 09:22:00.152144+00:00
"Life, the Universe and Everything (Hitchhiker's Guide to the Galaxy #3)",3,Two,£33.26,Science Fiction,https://books.toscrape.com/catalogue/life-the-universe-and-everything-hitchhikers-guide-to-the-galaxy-3_189/index.html,https://books.toscrape.com/media/cache/ef/8b/ef8bc5adcd3bea8e8ba97be76d07a32a.jpg,https://books.toscrape.com/,2026-08-05 09:22:01.130180+00:00
Life Without a Recipe,3,Five,£59.04,Autobiography,https://books.toscrape.com/catalogue/life-without-a-recipe_188/index.html,https://books.toscrape.com/media/cache/80/b3/80b3e38be4204b3b64cdbe8c80dcf1f9.jpg,https://books.toscrape.com/,2026-08-05 09:22:01.664505+00:00
Life After Life,3,Two,£26.13,Default,https://books.toscrape.com/catalogue/life-after-life_187/index.html,https://books.toscrape.com/media/cache/59/80/59803a88c2e5dd7a2e36de1d41f7f1ae.jpg,https://books.toscrape.com/,2026-08-05 09:22:02.233383+00:00
Letter to a Christian Nation,3,One,£22.20,Nonfiction,https://books.toscrape.com/catalogue/letter-to-a-christian-nation_186/index.html,https://books.toscrape.com/media/cache/74/c2/74c2893188f917409ba564d46f481f77.jpg,https://books.toscrape.com/,2026-08-05 09:22:02.663248+00:00
Let's Pretend This Never Happened: A Mostly True Memoir,3,One,£45.11,Nonfiction,https://books.toscrape.com/catalogue/lets-pretend-this-never-happened-a-mostly-true-memoir_185/index.html,https://books.toscrape.com/media/cache/78/e1/78e1b9ccc99ba11d78015f0a18f0b421.jpg,https://books.toscrape.com/,2026-08-05 09:22:03.110714+00:00
Legend (Legend #1),3,Four,£43.69,Young Adult,https://books.toscrape.com/catalogue/legend-legend-1_184/index.html,https://books.toscrape.com/media/cache/6c/6c/6c6c0984ab57d6b4f71d84dd0db0f65b.jpg,https://books.toscrape.com/,2026-08-05 09:22:03.530253+00:00
"Lean In: Women, Work, and the Will to Lead",3,One,£25.02,Default,https://books.toscrape.com/catalogue/lean-in-women-work-and-the-will-to-lead_183/index.html,https://books.toscrape.com/media/cache/4f/e5/4fe55bc7134401f6db04f0775ead1d4c.jpg,https://books.toscrape.com/,2026-08-05 09:22:03.968699+00:00
"Lamb: The Gospel According to Biff, Christ's Childhood Pal",3,Five,£55.50,Humor,https://books.toscrape.com/catalogue/lamb-the-gospel-according-to-biff-christs-childhood-pal_182/index.html,https://books.toscrape.com/media/cache/a1/03/a10370da29e4ba78c7a75a14041eae0e.jpg,https://books.toscrape.com/,2026-08-05 09:22:04.377371+00:00
Lady Renegades (Rebel Belle #3),3,Five,£53.04,Young Adult,https://books.toscrape.com/catalogue/lady-renegades-rebel-belle-3_181/index.html,https://books.toscrape.com/media/cache/d2/c2/d2c259e13fe3097325549a14f996b462.jpg,https://books.toscrape.com/,2026-08-05 09:22:04.802072+00:00
Jurassic Park (Jurassic Park #1),3,One,£44.97,Fiction,https://books.toscrape.com/catalogue/jurassic-park-jurassic-park-1_180/index.html,https://books.toscrape.com/media/cache/9a/71/9a7160b396790bd4a351522278de4f8c.jpg,https://books.toscrape.com/,2026-08-05 09:22:05.819639+00:00
It's Never Too Late to Begin Again: Discovering Creativity and Meaning at Midlife and Beyond,3,One,£42.38,Nonfiction,https://books.toscrape.com/catalogue/its-never-too-late-to-begin-again-discovering-creativity-and-meaning-at-midlife-and-beyond_179/index.html,https://books.toscrape.com/media/cache/fa/36/fa3659740e31eb57775cc2647654bf11.jpg,https://books.toscrape.com/,2026-08-05 09:22:06.264968+00:00
Is Everyone Hanging Out Without Me? (And Other Concerns),3,Three,£20.11,Default,https://books.toscrape.com/catalogue/is-everyone-hanging-out-without-me-and-other-concerns_178/index.html,https://books.toscrape.com/media/cache/6b/94/6b94e98f822a42c03c4ff0b9cfdd6e0c.jpg,https://books.toscrape.com/,2026-08-05 09:22:06.766467+00:00
Into the Wild,3,Five,£56.70,Nonfiction,https://books.toscrape.com/catalogue/into-the-wild_177/index.html,https://books.toscrape.com/media/cache/e2/ca/e2ca3b870db8071034edea19b1da3de2.jpg,https://books.toscrape.com/,2026-08-05 09:22:07.241230+00:00
Inferno (Robert Langdon #4),3,Five,£41.00,Fiction,https://books.toscrape.com/catalogue/inferno-robert-langdon-4_176/index.html,https://books.toscrape.com/media/cache/e3/11/e3111146083821b5a3670d869ab40d2a.jpg,https://books.toscrape.com/,2026-08-05 09:22:07.654004+00:00
"In the Garden of Beasts: Love, Terror, and an American Family in Hitler's Berlin",3,Three,£28.85,Nonfiction,https://books.toscrape.com/catalogue/in-the-garden-of-beasts-love-terror-and-an-american-family-in-hitlers-berlin_175/index.html,https://books.toscrape.com/media/cache/25/82/2582a9f11ad68a30e44cc0b459383474.jpg,https://books.toscrape.com/,2026-08-05 09:22:08.102808+00:00
If I Run (If I Run #1),3,Four,£49.97,Christian Fiction,https://books.toscrape.com/catalogue/if-i-run-if-i-run-1_174/index.html,https://books.toscrape.com/media/cache/c3/d0/c3d0f2fb5cacbca64639a679b962e1b9.jpg,https://books.toscrape.com/,2026-08-05 09:22:08.552090+00:00
I've Got Your Number,3,One,£19.69,Womens Fiction,https://books.toscrape.com/catalogue/ive-got-your-number_173/index.html,https://books.toscrape.com/media/cache/b2/df/b2df826432771838819db89c20e20609.jpg,https://books.toscrape.com/,2026-08-05 09:22:08.986136+00:00
I Am Malala: The Girl Who Stood Up for Education and Was Shot by the Taliban,3,Two,£28.88,Nonfiction,https://books.toscrape.com/catalogue/i-am-malala-the-girl-who-stood-up-for-education-and-was-shot-by-the-taliban_172/index.html,https://books.toscrape.com/media/cache/52/7a/527a7d3b9b4928c093cadd75661bf467.jpg,https://books.toscrape.com/,2026-08-05 09:22:09.417045+00:00
Hungry Girl Clean & Hungry: Easy All-Natural Recipes for Healthy Eating in the Real World,3,Three,£33.14,Food and Drink,https://books.toscrape.com/catalogue/hungry-girl-clean-hungry-easy-all-natural-recipes-for-healthy-eating-in-the-real-world_171/index.html,https://books.toscrape.com/media/cache/6f/c4/6fc450625cd672e871a6176f74909be2.jpg,https://books.toscrape.com/,2026-08-05 09:22:09.859594+00:00
"House of Lost Worlds: Dinosaurs, Dynasties, and the Story of Life on Earth",3,Two,£43.70,History,https://books.toscrape.com/catalogue/house-of-lost-worlds-dinosaurs-dynasties-and-the-story-of-life-on-earth_170/index.html,https://books.toscrape.com/media/cache/43/fd/43fda1db93163d67705264dcfa98aaa5.jpg,https://books.toscrape.com/,2026-08-05 09:22:10.306194+00:00
House of Leaves,3,One,£54.89,Horror,https://books.toscrape.com/catalogue/house-of-leaves_169/index.html,https://books.toscrape.com/media/cache/14/25/142563ccee483bc07632f9c083a68326.jpg,https://books.toscrape.com/,2026-08-05 09:22:10.730970+00:00
Horrible Bear!,3,Two,£37.52,Childrens,https://books.toscrape.com/catalogue/horrible-bear_168/index.html,https://books.toscrape.com/media/cache/d2/63/d26337dee5c0b13b56b7aea59d611570.jpg,https://books.toscrape.com/,2026-08-05 09:22:11.179119+00:00
Holidays on Ice,3,Two,£51.07,Humor,https://books.toscrape.com/catalogue/holidays-on-ice_167/index.html,https://books.toscrape.com/media/cache/4b/9a/4b9a2a6d4c995e12fe216f6173a582be.jpg,https://books.toscrape.com/,2026-08-05 09:22:11.485046+00:00
Heir to the Sky,3,Four,£44.07,Fantasy,https://books.toscrape.com/catalogue/heir-to-the-sky_166/index.html,https://books.toscrape.com/media/cache/6d/b1/6db1568e09d10652593638a5f85e7202.jpg,https://books.toscrape.com/,2026-08-05 09:22:11.784338+00:00
Green Eggs and Ham (Beginner Books B-16),3,Four,£10.79,Childrens,https://books.toscrape.com/catalogue/green-eggs-and-ham-beginner-books-b-16_165/index.html,https://books.toscrape.com/media/cache/3a/0e/3a0e75e4f758f90a80965869afbe41b4.jpg,https://books.toscrape.com/,2026-08-05 09:22:12.200536+00:00
"Grayson, Vol 3: Nemesis (Grayson #3)",3,One,£42.72,Sequential Art,https://books.toscrape.com/catalogue/grayson-vol-3-nemesis-grayson-3_164/index.html,https://books.toscrape.com/media/cache/f9/4c/f94cfc3c82abb799568d1ea029b1d3d1.jpg,https://books.toscrape.com/,2026-08-05 09:22:12.625561+00:00
Gratitude,3,Five,£26.66,Nonfiction,https://books.toscrape.com/catalogue/gratitude_163/index.html,https://books.toscrape.com/media/cache/07/b6/07b673e7d367a5e89418bd513a8d5e72.jpg,https://books.toscrape.com/,2026-08-05 09:22:13.061037+00:00
Gone Girl,3,Five,£37.60,Default,https://books.toscrape.com/catalogue/gone-girl_162/index.html,https://books.toscrape.com/media/cache/24/ad/24ad42075b1aa1403aef934c29c1e8ba.jpg,https://books.toscrape.com/,2026-08-05 09:22:13.361010+00:00
Golden (Heart of Dread #3),3,Four,£42.21,Young Adult,https://books.toscrape.com/catalogue/golden-heart-of-dread-3_161/index.html,https://books.toscrape.com/media/cache/39/2f/392fedbcda7bf8f968d5e6643ea5545f.jpg,https://books.toscrape.com/,2026-08-05 09:22:13.766621+00:00
Girl in the Blue Coat,3,Two,£46.83,Historical Fiction,https://books.toscrape.com/catalogue/girl-in-the-blue-coat_160/index.html,https://books.toscrape.com/media/cache/bf/7a/bf7a5bc1d1ebac5e9b6fbb147828a123.jpg,https://books.toscrape.com/,2026-08-05 09:22:14.665279+00:00
"Fruits Basket, Vol. 3 (Fruits Basket #3)",3,Two,£45.17,Sequential Art,https://books.toscrape.com/catalogue/fruits-basket-vol-3-fruits-basket-3_159/index.html,https://books.toscrape.com/media/cache/7b/e7/7be75475a916d6df4edebfc5fe36c3f9.jpg,https://books.toscrape.com/,2026-08-05 09:22:15.082178+00:00
"Friday Night Lights: A Town, a Team, and a Dream",3,Three,£51.22,Sports and Games,https://books.toscrape.com/catalogue/friday-night-lights-a-town-a-team-and-a-dream_158/index.html,https://books.toscrape.com/media/cache/7d/cf/7dcf6c3b419bf7e7e3b3b8162b177869.jpg,https://books.toscrape.com/,2026-08-05 09:22:15.497713+00:00
Fire Bound (Sea Haven/Sisters of the Heart #5),3,Four,£21.28,Add a comment,https://books.toscrape.com/catalogue/fire-bound-sea-havensisters-of-the-heart-5_157/index.html,https://books.toscrape.com/media/cache/cd/53/cd53431a069ee01572988de29ef68da5.jpg,https://books.toscrape.com/,2026-08-05 09:22:15.793634+00:00
Fifty Shades Freed (Fifty Shades #3),3,Five,£15.36,Adult Fiction,https://books.toscrape.com/catalogue/fifty-shades-freed-fifty-shades-3_156/index.html,https://books.toscrape.com/media/cache/18/d8/18d8e02c75c2ef23556c9746fae57e43.jpg,https://books.toscrape.com/,2026-08-05 09:22:16.104658+00:00
Fellside,3,One,£38.62,Default,https://books.toscrape.com/catalogue/fellside_155/index.html,https://books.toscrape.com/media/cache/f4/8f/f48f179d6bda290b66b2d165e0a419e6.jpg,https://books.toscrape.com/,2026-08-05 09:22:16.428908+00:00
Extreme Prey (Lucas Davenport #26),3,Three,£25.40,Mystery,https://books.toscrape.com/catalogue/extreme-prey-lucas-davenport-26_154/index.html,https://books.toscrape.com/media/cache/de/86/de86d4f1563fad2ca088922fbbb2b36a.jpg,https://books.toscrape.com/,2026-08-05 09:22:16.736665+00:00
Eragon (The Inheritance Cycle #1),3,Three,£43.87,Fantasy,https://books.toscrape.com/catalogue/eragon-the-inheritance-cycle-1_153/index.html,https://books.toscrape.com/media/cache/2d/62/2d625f26cb3bbeef851221f125b81daf.jpg,https://books.toscrape.com/,2026-08-05 09:22:17.170923+00:00
Eclipse (Twilight #3),3,One,£18.74,Default,https://books.toscrape.com/catalogue/eclipse-twilight-3_152/index.html,https://books.toscrape.com/media/cache/05/f8/05f833af99c37decb506e34e36f5cdaf.jpg,https://books.toscrape.com/,2026-08-05 09:22:17.498141+00:00
Dune (Dune #1),3,One,£54.86,Science Fiction,https://books.toscrape.com/catalogue/dune-dune-1_151/index.html,https://books.toscrape.com/media/cache/7a/bc/7abccb865ecf9b0f676800b10c71cfd6.jpg,https://books.toscrape.com/,2026-08-05 09:22:17.815332+00:00
Dracula,3,Three,£52.62,Default,https://books.toscrape.com/catalogue/dracula_150/index.html,https://books.toscrape.com/media/cache/ef/d7/efd7c316b4d60a403ba6d111fdeb2d41.jpg,https://books.toscrape.com/,2026-08-05 09:22:18.248065+00:00
Do Androids Dream of Electric Sheep? (Blade Runner #1),3,One,£51.48,Science Fiction,https://books.toscrape.com/catalogue/do-androids-dream-of-electric-sheep-blade-runner-1_149/index.html,https://books.toscrape.com/media/cache/fa/65/fa653fbe3a4c69227c9b79d471cee576.jpg,https://books.toscrape.com/,2026-08-05 09:22:18.554372+00:00
Disrupted: My Misadventure in the Start-Up Bubble,3,Five,£15.28,Nonfiction,https://books.toscrape.com/catalogue/disrupted-my-misadventure-in-the-start-up-bubble_148/index.html,https://books.toscrape.com/media/cache/2c/32/2c32dd01215c98fc1f6b176b6a9b3ece.jpg,https://books.toscrape.com/,2026-08-05 09:22:18.980986+00:00
Dead Wake: The Last Crossing of the Lusitania,3,Five,£39.24,Default,https://books.toscrape.com/catalogue/dead-wake-the-last-crossing-of-the-lusitania_147/index.html,https://books.toscrape.com/media/cache/69/0e/690ee5b7ef94ea460861eee2e67fd787.jpg,https://books.toscrape.com/,2026-08-05 09:22:19.291677+00:00
"David and Goliath: Underdogs, Misfits, and the Art of Battling Giants",3,One,£17.81,Default,https://books.toscrape.com/catalogue/david-and-goliath-underdogs-misfits-and-the-art-of-battling-giants_146/index.html,https://books.toscrape.com/media/cache/df/95/df9520adbabbb17f22fcb3f49c69640f.jpg,https://books.toscrape.com/,2026-08-05 09:22:19.592682+00:00
Darkfever (Fever #1),3,One,£56.02,Fantasy,https://books.toscrape.com/catalogue/darkfever-fever-1_145/index.html,https://books.toscrape.com/media/cache/af/08/af08d08c90b4df63ca5a2819a754da18.jpg,https://books.toscrape.com/,2026-08-05 09:22:19.893304+00:00
Dark Places,3,Five,£23.90,Default,https://books.toscrape.com/catalogue/dark-places_144/index.html,https://books.toscrape.com/media/cache/51/bf/51bf575f9af355f4f9f98abe8986402a.jpg,https://books.toscrape.com/,2026-08-05 09:22:20.198456+00:00
Crazy Rich Asians (Crazy Rich Asians #1),3,Five,£49.13,Fiction,https://books.toscrape.com/catalogue/crazy-rich-asians-crazy-rich-asians-1_143/index.html,https://books.toscrape.com/media/cache/9a/62/9a621372fed3a80015283013d8a452cd.jpg,https://books.toscrape.com/,2026-08-05 09:22:20.616063+00:00
Counting Thyme,3,One,£10.62,Childrens,https://books.toscrape.com/catalogue/counting-thyme_142/index.html,https://books.toscrape.com/media/cache/e0/ae/e0ae97753a73b88b61b13b19977613dc.jpg,https://books.toscrape.com/,2026-08-05 09:22:21.051211+00:00
Cosmos,3,Two,£36.17,Add a comment,https://books.toscrape.com/catalogue/cosmos_141/index.html,https://books.toscrape.com/media/cache/65/7b/657b1d20ea50775c5c87e039ed8aeebc.jpg,https://books.toscrape.com/,2026-08-05 09:22:21.367462+00:00
Civilization and Its Discontents,3,Two,£59.95,Psychology,https://books.toscrape.com/catalogue/civilization-and-its-discontents_140/index.html,https://books.toscrape.com/media/cache/4d/a6/4da6939a6bbd895a5acdeabad46d1f9f.jpg,https://books.toscrape.com/,2026-08-05 09:22:22.278177+00:00
Cinder (The Lunar Chronicles #1),3,One,£26.09,Young Adult,https://books.toscrape.com/catalogue/cinder-the-lunar-chronicles-1_139/index.html,https://books.toscrape.com/media/cache/4e/d2/4ed2ec75df84ba1093fc4141b29abab3.jpg,https://books.toscrape.com/,2026-08-05 09:22:22.591549+00:00
Catastrophic Happiness: Finding Joy in Childhood's Messy Years,3,Two,£37.35,Parenting,https://books.toscrape.com/catalogue/catastrophic-happiness-finding-joy-in-childhoods-messy-years_138/index.html,https://books.toscrape.com/media/cache/7d/0b/7d0bb832760e81c281d8d283ba6a2b09.jpg,https://books.toscrape.com/,2026-08-05 09:22:22.890036+00:00
Career of Evil (Cormoran Strike #3),3,Two,£24.72,Mystery,https://books.toscrape.com/catalogue/career-of-evil-cormoran-strike-3_137/index.html,https://books.toscrape.com/media/cache/9e/ff/9eff8b66d583e8f0ba58a0bc86de40f2.jpg,https://books.toscrape.com/,2026-08-05 09:22:23.196523+00:00
Breaking Dawn (Twilight #4),3,Five,£35.28,Default,https://books.toscrape.com/catalogue/breaking-dawn-twilight-4_136/index.html,https://books.toscrape.com/media/cache/ce/24/ce242d3eb00bf1938d6c18e0261ef868.jpg,https://books.toscrape.com/,2026-08-05 09:22:23.637769+00:00
Brave Enough,3,Five,£51.32,Nonfiction,https://books.toscrape.com/catalogue/brave-enough_135/index.html,https://books.toscrape.com/media/cache/94/c7/94c7add56827e01998189a021ec060e2.jpg,https://books.toscrape.com/,2026-08-05 09:22:23.940542+00:00
Boy Meets Boy,3,Three,£21.12,Young Adult,https://books.toscrape.com/catalogue/boy-meets-boy_134/index.html,https://books.toscrape.com/media/cache/0b/ac/0baceb72d202880d1441a32193df6e11.jpg,https://books.toscrape.com/,2026-08-05 09:22:24.230997+00:00
"Born to Run: A Hidden Tribe, Superathletes, and the Greatest Race the World Has Never Seen",3,Two,£27.35,Nonfiction,https://books.toscrape.com/catalogue/born-to-run-a-hidden-tribe-superathletes-and-the-greatest-race-the-world-has-never-seen_133/index.html,https://books.toscrape.com/media/cache/ea/ee/eaee98b302dcaf91d1122816ae553295.jpg,https://books.toscrape.com/,2026-08-05 09:22:24.523939+00:00
Blink: The Power of Thinking Without Thinking,3,Five,£21.74,Nonfiction,https://books.toscrape.com/catalogue/blink-the-power-of-thinking-without-thinking_132/index.html,https://books.toscrape.com/media/cache/5d/41/5d415bc31b1f856a2a9dc8706fd19abd.jpg,https://books.toscrape.com/,2026-08-05 09:22:24.841599+00:00
Black Flags: The Rise of ISIS,3,One,£40.87,Nonfiction,https://books.toscrape.com/catalogue/black-flags-the-rise-of-isis_131/index.html,https://books.toscrape.com/media/cache/48/5d/485d2c4cedd639fcb005340a8d589bb3.jpg,https://books.toscrape.com/,2026-08-05 09:22:26.146971+00:00
"Black Butler, Vol. 1 (Black Butler #1)",3,One,£49.31,Sequential Art,https://books.toscrape.com/catalogue/black-butler-vol-1-black-butler-1_130/index.html,https://books.toscrape.com/media/cache/99/48/9948564dec3ac2f9e32419911b181e37.jpg,https://books.toscrape.com/,2026-08-05 09:22:26.926242+00:00
Big Little Lies,3,One,£22.11,Fiction,https://books.toscrape.com/catalogue/big-little-lies_129/index.html,https://books.toscrape.com/media/cache/ef/b7/efb72b546fc7cab4ba1735b4b82c5851.jpg,https://books.toscrape.com/,2026-08-05 09:22:27.360450+00:00
Between Shades of Gray,3,Five,£20.79,Historical Fiction,https://books.toscrape.com/catalogue/between-shades-of-gray_128/index.html,https://books.toscrape.com/media/cache/f9/19/f919f64fc0e3642cdc604134bfd93774.jpg,https://books.toscrape.com/,2026-08-05 09:22:27.801149+00:00
Best of My Love (Fool's Gold #20),3,Two,£27.41,Romance,https://books.toscrape.com/catalogue/best-of-my-love-fools-gold-20_127/index.html,https://books.toscrape.com/media/cache/06/8c/068ccab8875670fccb8b72234370d16f.jpg,https://books.toscrape.com/,2026-08-05 09:22:28.388190+00:00
Beowulf,3,Two,£38.35,Classics,https://books.toscrape.com/catalogue/beowulf_126/index.html,https://books.toscrape.com/media/cache/dd/6e/dd6e7b84e99f3b4b5655ea0db74af2b4.jpg,https://books.toscrape.com/,2026-08-05 09:22:28.821064+00:00
Beautiful Creatures (Caster Chronicles #1),3,Five,£21.55,Default,https://books.toscrape.com/catalogue/beautiful-creatures-caster-chronicles-1_125/index.html,https://books.toscrape.com/media/cache/82/06/8206f351bd1ff6f52eed515a3b366916.jpg,https://books.toscrape.com/,2026-08-05 09:22:29.253192+00:00
Awkward,3,Two,£38.02,Sequential Art,https://books.toscrape.com/catalogue/awkward_124/index.html,https://books.toscrape.com/media/cache/41/72/417255e608c389aedfb68491dae92c9c.jpg,https://books.toscrape.com/,2026-08-05 09:22:29.685484+00:00
Ash,3,Four,£22.06,Fantasy,https://books.toscrape.com/catalogue/ash_123/index.html,https://books.toscrape.com/media/cache/d7/f0/d7f00033bda3779b2fd017e32e7c800c.jpg,https://books.toscrape.com/,2026-08-05 09:22:30.217486+00:00
Are We There Yet?,3,Three,£10.66,Childrens,https://books.toscrape.com/catalogue/are-we-there-yet_122/index.html,https://books.toscrape.com/media/cache/f8/be/f8be3238a1cf039a3e7d50de1d4c2cfd.jpg,https://books.toscrape.com/,2026-08-05 09:22:30.505504+00:00
Are We Smart Enough to Know How Smart Animals Are?,3,One,£56.58,Nonfiction,https://books.toscrape.com/catalogue/are-we-smart-enough-to-know-how-smart-animals-are_121/index.html,https://books.toscrape.com/media/cache/71/d1/71d199b2abd878b9943dc818b77a1e72.jpg,https://books.toscrape.com/,2026-08-05 09:22:30.942315+00:00
Annie on My Mind,3,Five,£36.83,Young Adult,https://books.toscrape.com/catalogue/annie-on-my-mind_120/index.html,https://books.toscrape.com/media/cache/88/ba/88baf408218bf1e31626211da4329c6b.jpg,https://books.toscrape.com/,2026-08-05 09:22:31.915320+00:00
And Then There Were None,3,Two,£35.01,Classics,https://books.toscrape.com/catalogue/and-then-there-were-none_119/index.html,https://books.toscrape.com/media/cache/21/bf/21bf2eb0bff3134837def8bd40845ba0.jpg,https://books.toscrape.com/,2026-08-05 09:22:32.343951+00:00
A Walk in the Woods: Rediscovering America on the Appalachian Trail,3,Four,£30.48,Nonfiction,https://books.toscrape.com/catalogue/a-walk-in-the-woods-rediscovering-america-on-the-appalachian-trail_118/index.html,https://books.toscrape.com/media/cache/25/ff/25ffbe6f0e8961a1cb2ace38a5b02279.jpg,https://books.toscrape.com/,2026-08-05 09:22:32.642442+00:00
A Visit from the Goon Squad,3,Five,£14.08,Default,https://books.toscrape.com/catalogue/a-visit-from-the-goon-squad_117/index.html,https://books.toscrape.com/media/cache/92/02/9202adfd4bc39e4058c5b9e851ffbf5a.jpg,https://books.toscrape.com/,2026-08-05 09:22:33.068552+00:00
A Storm of Swords (A Song of Ice and Fire #3),3,Two,£31.22,Fantasy,https://books.toscrape.com/catalogue/a-storm-of-swords-a-song-of-ice-and-fire-3_116/index.html,https://books.toscrape.com/media/cache/39/83/3983449f17095ed15a4878d6bc8114c9.jpg,https://books.toscrape.com/,2026-08-05 09:22:33.362158+00:00
A Heartbreaking Work of Staggering Genius,3,Five,£54.29,Autobiography,https://books.toscrape.com/catalogue/a-heartbreaking-work-of-staggering-genius_115/index.html,https://books.toscrape.com/media/cache/7a/58/7a587c5814f33c0c54e8bfa0ef66d690.jpg,https://books.toscrape.com/,2026-08-05 09:22:33.662895+00:00
8 Keys to Mental Health Through Exercise,3,One,£31.04,Psychology,https://books.toscrape.com/catalogue/8-keys-to-mental-health-through-exercise_114/index.html,https://books.toscrape.com/media/cache/b8/44/b844a77409f1d53cbb66148820abc217.jpg,https://books.toscrape.com/,2026-08-05 09:22:34.093553+00:00
#GIRLBOSS,3,One,£50.96,Add a comment,https://books.toscrape.com/catalogue/girlboss_113/index.html,https://books.toscrape.com/media/cache/70/9a/709a7625e50abf3fc3f26c0396a62131.jpg,https://books.toscrape.com/,2026-08-05 09:22:34.539165+00:00
"The Suffragettes (Little Black Classics, #96)",2,Two,£11.89,Nonfiction,https://books.toscrape.com/catalogue/the-suffragettes-little-black-classics-96_112/index.html,https://books.toscrape.com/media/cache/ee/c3/eec3857d573218bfd22b23b80bfe740e.jpg,https://books.toscrape.com/,2026-08-05 09:22:34.971425+00:00
The Sense of an Ending,2,Three,£31.38,Add a comment,https://books.toscrape.com/catalogue/the-sense-of-an-ending_111/index.html,https://books.toscrape.com/media/cache/75/46/7546899e546c4aa11b501c0c41060727.jpg,https://books.toscrape.com/,2026-08-05 09:22:35.292056+00:00
"The Sandman, Vol. 2: The Doll's House (The Sandman (volumes) #2)",2,One,£54.81,Sequential Art,https://books.toscrape.com/catalogue/the-sandman-vol-2-the-dolls-house-the-sandman-volumes-2_110/index.html,https://books.toscrape.com/media/cache/e3/ae/e3ae48fe07d77611b49b5b78d99418ae.jpg,https://books.toscrape.com/,2026-08-05 09:22:35.609889+00:00
The Course of Love,2,Three,£16.78,Fiction,https://books.toscrape.com/catalogue/the-course-of-love_109/index.html,https://books.toscrape.com/media/cache/f2/c9/f2c952cfbce6ab5d8400a0bb8ee4eb5c.jpg,https://books.toscrape.com/,2026-08-05 09:22:36.045126+00:00
Sugar Rush (Offensive Line #2),2,One,£24.42,Sports and Games,https://books.toscrape.com/catalogue/sugar-rush-offensive-line-2_108/index.html,https://books.toscrape.com/media/cache/c3/a9/c3a90a5baa833a37c29c4b03a444737c.jpg,https://books.toscrape.com/,2026-08-05 09:22:36.503679+00:00
"Saga, Volume 2 (Saga (Collected Editions) #2)",2,Three,£11.75,Sequential Art,https://books.toscrape.com/catalogue/saga-volume-2-saga-collected-editions-2_107/index.html,https://books.toscrape.com/media/cache/1a/eb/1aeb5d30809ad96d7c323228a2bd23d3.jpg,https://books.toscrape.com/,2026-08-05 09:22:36.940566+00:00
"Run, Spot, Run: The Ethics of Keeping Pets",2,One,£20.02,Philosophy,https://books.toscrape.com/catalogue/run-spot-run-the-ethics-of-keeping-pets_106/index.html,https://books.toscrape.com/media/cache/91/e6/91e6190dcdd7d6cdeb94a82b60917ec4.jpg,https://books.toscrape.com/,2026-08-05 09:22:37.363184+00:00
New Moon (Twilight #2),2,Four,£12.86,Young Adult,https://books.toscrape.com/catalogue/new-moon-twilight-2_105/index.html,https://books.toscrape.com/media/cache/5a/1f/5a1fa3ec68add137878b42243813263d.jpg,https://books.toscrape.com/,2026-08-05 09:22:37.680000+00:00
Life,2,Five,£31.58,Music,https://books.toscrape.com/catalogue/life_104/index.html,https://books.toscrape.com/media/cache/99/97/9997eda658c2fe50e724171f9c2a2b0b.jpg,https://books.toscrape.com/,2026-08-05 09:22:37.988961+00:00
Kindle Paperwhite User's Guide,2,Three,£34.00,Nonfiction,https://books.toscrape.com/catalogue/kindle-paperwhite-users-guide_103/index.html,https://books.toscrape.com/media/cache/3e/49/3e49769bf9bf83d3bb25c6f93a7fcca2.jpg,https://books.toscrape.com/,2026-08-05 09:22:38.310631+00:00
H is for Hawk,2,Five,£57.42,Nonfiction,https://books.toscrape.com/catalogue/h-is-for-hawk_102/index.html,https://books.toscrape.com/media/cache/78/3c/783c89d21306b712d832dbac267b786a.jpg,https://books.toscrape.com/,2026-08-05 09:22:38.624791+00:00
Girl Online On Tour (Girl Online #2),2,One,£53.47,Young Adult,https://books.toscrape.com/catalogue/girl-online-on-tour-girl-online-2_101/index.html,https://books.toscrape.com/media/cache/e0/22/e0221ab11b1d093a2d03927b4962c544.jpg,https://books.toscrape.com/,2026-08-05 09:22:39.052608+00:00
"Fruits Basket, Vol. 2 (Fruits Basket #2)",2,Five,£11.64,Sequential Art,https://books.toscrape.com/catalogue/fruits-basket-vol-2-fruits-basket-2_100/index.html,https://books.toscrape.com/media/cache/e9/fb/e9fb3236b73384253144f89b6eec6a68.jpg,https://books.toscrape.com/,2026-08-05 09:22:39.955209+00:00
Diary of a Minecraft Zombie Book 1: A Scare of a Dare (An Unofficial Minecraft Book),2,Four,£52.88,Childrens,https://books.toscrape.com/catalogue/diary-of-a-minecraft-zombie-book-1-a-scare-of-a-dare-an-unofficial-minecraft-book_99/index.html,https://books.toscrape.com/media/cache/47/16/47160ff71abe23cb52968b3d1b9b7988.jpg,https://books.toscrape.com/,2026-08-05 09:22:40.267546+00:00
"Y: The Last Man, Vol. 1: Unmanned (Y: The Last Man #1)",1,Four,£18.51,Sequential Art,https://books.toscrape.com/catalogue/y-the-last-man-vol-1-unmanned-y-the-last-man-1_98/index.html,https://books.toscrape.com/media/cache/ae/16/ae169bb5ae814e0fb900cdf9e99332a7.jpg,https://books.toscrape.com/,2026-08-05 09:22:40.695608+00:00
While You Were Mine,1,Five,£41.32,Historical Fiction,https://books.toscrape.com/catalogue/while-you-were-mine_97/index.html,https://books.toscrape.com/media/cache/45/e8/45e87bcad554d79eadf0f89df9cac6f9.jpg,https://books.toscrape.com/,2026-08-05 09:22:41.129687+00:00
Where Lightning Strikes (Bleeding Stars #3),1,Three,£39.77,Romance,https://books.toscrape.com/catalogue/where-lightning-strikes-bleeding-stars-3_96/index.html,https://books.toscrape.com/media/cache/73/d9/73d948af3f2adb6dd693ff4bd43e7760.jpg,https://books.toscrape.com/,2026-08-05 09:22:41.577411+00:00
When I'm Gone,1,Three,£51.96,Fiction,https://books.toscrape.com/catalogue/when-im-gone_95/index.html,https://books.toscrape.com/media/cache/13/a3/13a361d57f2b6021b2ae395a6fedd475.jpg,https://books.toscrape.com/,2026-08-05 09:22:42.000901+00:00
Ways of Seeing,1,Five,£39.51,Art,https://books.toscrape.com/catalogue/ways-of-seeing_94/index.html,https://books.toscrape.com/media/cache/a8/3a/a83a4d31d30dc3cb26a29899a5c3b91d.jpg,https://books.toscrape.com/,2026-08-05 09:22:42.461194+00:00
"Vampire Knight, Vol. 1 (Vampire Knight #1)",1,One,£15.40,Paranormal,https://books.toscrape.com/catalogue/vampire-knight-vol-1-vampire-knight-1_93/index.html,https://books.toscrape.com/media/cache/4b/97/4b972f89c11900ac0e84726d1f07bfcc.jpg,https://books.toscrape.com/,2026-08-05 09:22:42.787904+00:00
Vampire Girl (Vampire Girl #1),1,Two,£53.82,Fantasy,https://books.toscrape.com/catalogue/vampire-girl-vampire-girl-1_92/index.html,https://books.toscrape.com/media/cache/ea/55/ea5547a00ad163902faba6929369bc77.jpg,https://books.toscrape.com/,2026-08-05 09:22:43.229051+00:00
Twenty Love Poems and a Song of Despair,1,Four,£30.95,Poetry,https://books.toscrape.com/catalogue/twenty-love-poems-and-a-song-of-despair_91/index.html,https://books.toscrape.com/media/cache/df/ab/dfab1d94f9190df7c13b63a093a6d16e.jpg,https://books.toscrape.com/,2026-08-05 09:22:43.671310+00:00
Travels with Charley: In Search of America,1,Five,£57.82,Nonfiction,https://books.toscrape.com/catalogue/travels-with-charley-in-search-of-america_90/index.html,https://books.toscrape.com/media/cache/ff/60/ff60e98e3da9c76d6f65b26bd7142d94.jpg,https://books.toscrape.com/,2026-08-05 09:22:43.986624+00:00
Three Wishes (River of Time: California #1),1,Two,£44.18,Science Fiction,https://books.toscrape.com/catalogue/three-wishes-river-of-time-california-1_89/index.html,https://books.toscrape.com/media/cache/c7/21/c721943edf481cad5ab32505e2ad3865.jpg,https://books.toscrape.com/,2026-08-05 09:22:44.299619+00:00
This One Moment (Pushing Limits #1),1,One,£48.71,Romance,https://books.toscrape.com/catalogue/this-one-moment-pushing-limits-1_88/index.html,https://books.toscrape.com/media/cache/9b/06/9b061431c4fbb98cc18068a523a49988.jpg,https://books.toscrape.com/,2026-08-05 09:22:44.654038+00:00
The Zombie Room,1,Five,£19.69,Default,https://books.toscrape.com/catalogue/the-zombie-room_87/index.html,https://books.toscrape.com/media/cache/1a/2d/1a2d5e478c6b33738ff17e7acfbd8b66.jpg,https://books.toscrape.com/,2026-08-05 09:22:44.971007+00:00
"The Wicked + The Divine, Vol. 1: The Faust Act (The Wicked + The Divine)",1,Two,£36.52,Sequential Art,https://books.toscrape.com/catalogue/the-wicked-the-divine-vol-1-the-faust-act-the-wicked-the-divine_86/index.html,https://books.toscrape.com/media/cache/64/75/64752f8cdae54b164fb81bfd81accd55.jpg,https://books.toscrape.com/,2026-08-05 09:22:45.397533+00:00
The Tumor,1,Five,£41.56,Nonfiction,https://books.toscrape.com/catalogue/the-tumor_85/index.html,https://books.toscrape.com/media/cache/db/f4/dbf4f5d4e7c0364b078aa5ce7e196853.jpg,https://books.toscrape.com/,2026-08-05 09:22:45.713516+00:00
The Story of Hong Gildong,1,Four,£43.19,Classics,https://books.toscrape.com/catalogue/the-story-of-hong-gildong_84/index.html,https://books.toscrape.com/media/cache/ab/16/ab16eb035cc58809a73c4699477de9cb.jpg,https://books.toscrape.com/,2026-08-05 09:22:46.133844+00:00
The Silent Wife,1,Five,£12.34,Fiction,https://books.toscrape.com/catalogue/the-silent-wife_83/index.html,https://books.toscrape.com/media/cache/9b/a3/9ba37429e4a2307fe0b2f4f4162dd636.jpg,https://books.toscrape.com/,2026-08-05 09:22:46.447351+00:00
The Silent Twin (Detective Jennifer Knight #3),1,Three,£36.25,Fantasy,https://books.toscrape.com/catalogue/the-silent-twin-detective-jennifer-knight-3_82/index.html,https://books.toscrape.com/media/cache/a0/7b/a07b53e1708f9055145aa1ec3af8608d.jpg,https://books.toscrape.com/,2026-08-05 09:22:46.743083+00:00
The Selfish Gene,1,One,£29.45,Science,https://books.toscrape.com/catalogue/the-selfish-gene_81/index.html,https://books.toscrape.com/media/cache/08/14/0814f26516fb72b7391d0a742b5928a2.jpg,https://books.toscrape.com/,2026-08-05 09:22:47.077457+00:00
The Secret Healer,1,Three,£34.56,Historical Fiction,https://books.toscrape.com/catalogue/the-secret-healer_80/index.html,https://books.toscrape.com/media/cache/69/d2/69d225899cce0a150c605ead01e02f60.jpg,https://books.toscrape.com/,2026-08-05 09:22:47.703734+00:00
"The Sandman, Vol. 1: Preludes and Nocturnes (The Sandman (volumes) #1)",1,Three,£54.12,Sequential Art,https://books.toscrape.com/catalogue/the-sandman-vol-1-preludes-and-nocturnes-the-sandman-volumes-1_79/index.html,https://books.toscrape.com/media/cache/56/ea/56eac75378feb4cab0dcb9d2101cf58b.jpg,https://books.toscrape.com/,2026-08-05 09:22:48.018975+00:00
The Republic,1,Three,£33.78,Add a comment,https://books.toscrape.com/catalogue/the-republic_78/index.html,https://books.toscrape.com/media/cache/7b/2c/7b2cb77c4608fce189caebaa842e135d.jpg,https://books.toscrape.com/,2026-08-05 09:22:48.429255+00:00
The Odyssey,1,Three,£29.64,Add a comment,https://books.toscrape.com/catalogue/the-odyssey_77/index.html,https://books.toscrape.com/media/cache/0d/e8/0de8211253c4131e0caf9e8528d99443.jpg,https://books.toscrape.com/,2026-08-05 09:22:48.858622+00:00
The No. 1 Ladies' Detective Agency (No. 1 Ladies' Detective Agency #1),1,Four,£57.70,Mystery,https://books.toscrape.com/catalogue/the-no-1-ladies-detective-agency-no-1-ladies-detective-agency-1_76/index.html,https://books.toscrape.com/media/cache/34/2e/342ec55d460f3dd49d77dac2bd4ff489.jpg,https://books.toscrape.com/,2026-08-05 09:22:49.171859+00:00
The Nicomachean Ethics,1,One,£36.34,Philosophy,https://books.toscrape.com/catalogue/the-nicomachean-ethics_75/index.html,https://books.toscrape.com/media/cache/f0/aa/f0aa9ae0319b1d6e0706e6053020e696.jpg,https://books.toscrape.com/,2026-08-05 09:22:49.603849+00:00
The Name of the Wind (The Kingkiller Chronicle #1),1,Three,£50.59,Default,https://books.toscrape.com/catalogue/the-name-of-the-wind-the-kingkiller-chronicle-1_74/index.html,https://books.toscrape.com/media/cache/6a/b3/6ab3616e7495ef64b1546a178cf8a9e7.jpg,https://books.toscrape.com/,2026-08-05 09:22:49.895421+00:00
The Mirror & the Maze (The Wrath and the Dawn #1.5),1,One,£29.38,Fantasy,https://books.toscrape.com/catalogue/the-mirror-the-maze-the-wrath-and-the-dawn-15_73/index.html,https://books.toscrape.com/media/cache/84/a8/84a85a5ecca2bdc17e219241938ebdba.jpg,https://books.toscrape.com/,2026-08-05 09:22:50.355917+00:00
The Little Prince,1,Two,£45.42,Classics,https://books.toscrape.com/catalogue/the-little-prince_72/index.html,https://books.toscrape.com/media/cache/c0/78/c078355608dd81c7c5e4f5e1c5f73d23.jpg,https://books.toscrape.com/,2026-08-05 09:22:51.298974+00:00
The Light of the Fireflies,1,One,£54.43,Add a comment,https://books.toscrape.com/catalogue/the-light-of-the-fireflies_71/index.html,https://books.toscrape.com/media/cache/17/8e/178e6e1cee8e5980e31148ea10a7321f.jpg,https://books.toscrape.com/,2026-08-05 09:22:51.734314+00:00
The Last Girl (The Dominion Trilogy #1),1,Two,£36.26,Science Fiction,https://books.toscrape.com/catalogue/the-last-girl-the-dominion-trilogy-1_70/index.html,https://books.toscrape.com/media/cache/da/47/da4746e620f8ccd7cf20628d1a5e535a.jpg,https://books.toscrape.com/,2026-08-05 09:22:52.167050+00:00
The Iliad,1,One,£16.16,Add a comment,https://books.toscrape.com/catalogue/the-iliad_69/index.html,https://books.toscrape.com/media/cache/b4/49/b449e504e387b69322d85e76a57ab60f.jpg,https://books.toscrape.com/,2026-08-05 09:22:52.583544+00:00
The Hook Up (Game On #1),1,Five,£36.29,New Adult,https://books.toscrape.com/catalogue/the-hook-up-game-on-1_68/index.html,https://books.toscrape.com/media/cache/38/f1/38f1543cd2d51c2728678f5ecc128958.jpg,https://books.toscrape.com/,2026-08-05 09:22:53.002051+00:00
The Haters,1,Five,£27.89,Young Adult,https://books.toscrape.com/catalogue/the-haters_67/index.html,https://books.toscrape.com/media/cache/4c/e9/4ce9f937ac784ae0b377bcbf2a38a8b2.jpg,https://books.toscrape.com/,2026-08-05 09:22:53.438751+00:00
The Girl You Lost,1,Five,£12.29,Mystery,https://books.toscrape.com/catalogue/the-girl-you-lost_66/index.html,https://books.toscrape.com/media/cache/90/0d/900dba6987796f4312a6a6737b0ea94d.jpg,https://books.toscrape.com/,2026-08-05 09:22:53.752602+00:00
The Girl In The Ice (DCI Erika Foster #1),1,Three,£15.85,Mystery,https://books.toscrape.com/catalogue/the-girl-in-the-ice-dci-erika-foster-1_65/index.html,https://books.toscrape.com/media/cache/d8/f7/d8f77fe7f4bb8610e903741441f84702.jpg,https://books.toscrape.com/,2026-08-05 09:22:54.064202+00:00
The End of the Jesus Era (An Investigation #1),1,One,£14.40,Nonfiction,https://books.toscrape.com/catalogue/the-end-of-the-jesus-era-an-investigation-1_64/index.html,https://books.toscrape.com/media/cache/fe/47/fe47782c4f8194a4d93ec1381108be88.jpg,https://books.toscrape.com/,2026-08-05 09:22:54.520453+00:00
The Edge of Reason (Bridget Jones #2),1,Four,£19.18,Womens Fiction,https://books.toscrape.com/catalogue/the-edge-of-reason-bridget-jones-2_63/index.html,https://books.toscrape.com/media/cache/db/34/db341aa83daa76cd9f9bd2c86ccb5dba.jpg,https://books.toscrape.com/,2026-08-05 09:22:54.953098+00:00
The Complete Maus (Maus #1-2),1,Three,£10.64,Sequential Art,https://books.toscrape.com/catalogue/the-complete-maus-maus-1-2_62/index.html,https://books.toscrape.com/media/cache/a6/f8/a6f889e0ba02be31875d3a324090ef5e.jpg,https://books.toscrape.com/,2026-08-05 09:22:55.273575+00:00
The Communist Manifesto,1,Three,£14.76,Add a comment,https://books.toscrape.com/catalogue/the-communist-manifesto_61/index.html,https://books.toscrape.com/media/cache/bb/cd/bbcd1a94ebc9fb56f8d079df4557f8e2.jpg,https://books.toscrape.com/,2026-08-05 09:22:55.585553+00:00
The Bhagavad Gita,1,Three,£57.49,Religion,https://books.toscrape.com/catalogue/the-bhagavad-gita_60/index.html,https://books.toscrape.com/media/cache/4e/69/4e69dacc99de838814d0f65c94e67f6c.jpg,https://books.toscrape.com/,2026-08-05 09:22:56.486444+00:00
The Bette Davis Club,1,Three,£30.66,Fiction,https://books.toscrape.com/catalogue/the-bette-davis-club_59/index.html,https://books.toscrape.com/media/cache/23/08/2308bf77130cf0a917642d82dbf4be05.jpg,https://books.toscrape.com/,2026-08-05 09:22:56.895311+00:00
The Art of Not Breathing,1,Four,£40.83,Young Adult,https://books.toscrape.com/catalogue/the-art-of-not-breathing_58/index.html,https://books.toscrape.com/media/cache/37/26/3726bb1bf30241b6d6f8c8488ad70989.jpg,https://books.toscrape.com/,2026-08-05 09:22:58.128527+00:00
Taking Shots (Assassins #1),1,Two,£18.88,Default,https://books.toscrape.com/catalogue/taking-shots-assassins-1_57/index.html,https://books.toscrape.com/media/cache/ea/92/ea92404bce04a4bc76f3ed9c5344b2bf.jpg,https://books.toscrape.com/,2026-08-05 09:22:58.793221+00:00
Starlark,1,Three,£25.83,Historical Fiction,https://books.toscrape.com/catalogue/starlark_56/index.html,https://books.toscrape.com/media/cache/b4/9e/b49e66e8f446d9a3dae488955f2aa487.jpg,https://books.toscrape.com/,2026-08-05 09:22:59.451537+00:00
"Skip Beat!, Vol. 01 (Skip Beat! #1)",1,Three,£42.12,Sequential Art,https://books.toscrape.com/catalogue/skip-beat-vol-01-skip-beat-1_55/index.html,https://books.toscrape.com/media/cache/6c/60/6c607509837e2b362ffd7c0e15e7b1f9.jpg,https://books.toscrape.com/,2026-08-05 09:23:00.020072+00:00
Sister Sable (The Mad Queen #1),1,Three,£13.33,Fantasy,https://books.toscrape.com/catalogue/sister-sable-the-mad-queen-1_54/index.html,https://books.toscrape.com/media/cache/2c/89/2c89c4c5528ab4b9101701437953df75.jpg,https://books.toscrape.com/,2026-08-05 09:23:00.591147+00:00
Shatter Me (Shatter Me #1),1,One,£42.40,Default,https://books.toscrape.com/catalogue/shatter-me-shatter-me-1_53/index.html,https://books.toscrape.com/media/cache/f0/31/f031254cafbdff0092c76c8dcba24139.jpg,https://books.toscrape.com/,2026-08-05 09:23:01.028687+00:00
Shameless,1,Three,£58.35,New Adult,https://books.toscrape.com/catalogue/shameless_52/index.html,https://books.toscrape.com/media/cache/a2/19/a2198abf12e3287f84997b35f4e1050e.jpg,https://books.toscrape.com/,2026-08-05 09:23:01.580804+00:00
Shadow Rites (Jane Yellowrock #10),1,Four,£21.72,Fantasy,https://books.toscrape.com/catalogue/shadow-rites-jane-yellowrock-10_51/index.html,https://books.toscrape.com/media/cache/7a/0d/7a0d52ec06a57c117c0b99c7980756e7.jpg,https://books.toscrape.com/,2026-08-05 09:23:02.024210+00:00
Settling the Score (The Summer Games #1),1,Two,£44.91,Sports and Games,https://books.toscrape.com/catalogue/settling-the-score-the-summer-games-1_50/index.html,https://books.toscrape.com/media/cache/9b/4e/9b4ece2ab5a6335c8594c878e2f22df1.jpg,https://books.toscrape.com/,2026-08-05 09:23:02.600227+00:00
Sense and Sensibility,1,One,£37.46,Classics,https://books.toscrape.com/catalogue/sense-and-sensibility_49/index.html,https://books.toscrape.com/media/cache/7d/53/7d53e2264b9647ee307259be9f73585d.jpg,https://books.toscrape.com/,2026-08-05 09:23:03.036459+00:00
"Saga, Volume 1 (Saga (Collected Editions) #1)",1,One,£28.48,Sequential Art,https://books.toscrape.com/catalogue/saga-volume-1-saga-collected-editions-1_48/index.html,https://books.toscrape.com/media/cache/c6/ca/c6cab3f679acb45fd2eba092ec9f6a2a.jpg,https://books.toscrape.com/,2026-08-05 09:23:03.464686+00:00
"Rhythm, Chord & Malykhin",1,Two,£28.34,Romance,https://books.toscrape.com/catalogue/rhythm-chord-malykhin_47/index.html,https://books.toscrape.com/media/cache/43/85/4385ee0304bc3546f2b6eaa75c46d4f8.jpg,https://books.toscrape.com/,2026-08-05 09:23:03.914344+00:00
"Rat Queens, Vol. 1: Sass & Sorcery (Rat Queens (Collected Editions) #1-5)",1,Five,£46.96,Sequential Art,https://books.toscrape.com/catalogue/rat-queens-vol-1-sass-sorcery-rat-queens-collected-editions-1-5_46/index.html,https://books.toscrape.com/media/cache/0d/22/0d22f9ee696b7443d1573e7752645c6d.jpg,https://books.toscrape.com/,2026-08-05 09:23:04.374166+00:00
Paradise Lost (Paradise #1),1,One,£24.96,Default,https://books.toscrape.com/catalogue/paradise-lost-paradise-1_45/index.html,https://books.toscrape.com/media/cache/66/f9/66f9edebe41032584e08dcf2fc27b8b4.jpg,https://books.toscrape.com/,2026-08-05 09:23:04.845038+00:00
"Paper Girls, Vol. 1 (Paper Girls #1-5)",1,Four,£21.71,Sequential Art,https://books.toscrape.com/catalogue/paper-girls-vol-1-paper-girls-1-5_44/index.html,https://books.toscrape.com/media/cache/87/2b/872ba3b06a97e6662770bc2152595b84.jpg,https://books.toscrape.com/,2026-08-05 09:23:05.354155+00:00
"Ouran High School Host Club, Vol. 1 (Ouran High School Host Club #1)",1,Three,£29.87,Sequential Art,https://books.toscrape.com/catalogue/ouran-high-school-host-club-vol-1-ouran-high-school-host-club-1_43/index.html,https://books.toscrape.com/media/cache/d5/c5/d5c5a6ebf05b68bee78a38a8ea62305d.jpg,https://books.toscrape.com/,2026-08-05 09:23:05.795346+00:00
Origins (Alphas 0.5),1,One,£28.99,Fantasy,https://books.toscrape.com/catalogue/origins-alphas-05_42/index.html,https://books.toscrape.com/media/cache/12/9b/129b70d7b45d78a26459e7445e0e13e2.jpg,https://books.toscrape.com/,2026-08-05 09:23:06.224743+00:00
One Second (Seven #7),1,Two,£52.94,Fantasy,https://books.toscrape.com/catalogue/one-second-seven-7_41/index.html,https://books.toscrape.com/media/cache/3f/f3/3ff3f7a0f3c949bb7adbe5f7fe80b9ab.jpg,https://books.toscrape.com/,2026-08-05 09:23:06.670064+00:00
On the Road (Duluoz Legend),1,Three,£32.36,Default,https://books.toscrape.com/catalogue/on-the-road-duluoz-legend_40/index.html,https://books.toscrape.com/media/cache/b8/3e/b83e5f1b9c1dcfe0ef05cff4b080e0fa.jpg,https://books.toscrape.com/,2026-08-05 09:23:07.411743+00:00
Old Records Never Die: One Man's Quest for His Vinyl and His Past,1,Two,£55.66,Music,https://books.toscrape.com/catalogue/old-records-never-die-one-mans-quest-for-his-vinyl-and-his-past_39/index.html,https://books.toscrape.com/media/cache/7e/94/7e947f3dd04f178175b85123829467a9.jpg,https://books.toscrape.com/,2026-08-05 09:23:07.832848+00:00
Off Sides (Off #1),1,Five,£39.45,New Adult,https://books.toscrape.com/catalogue/off-sides-off-1_38/index.html,https://books.toscrape.com/media/cache/03/ed/03ed67ea504353b91b035151d8e80db2.jpg,https://books.toscrape.com/,2026-08-05 09:23:08.133947+00:00
Of Mice and Men,1,Two,£47.11,Classics,https://books.toscrape.com/catalogue/of-mice-and-men_37/index.html,https://books.toscrape.com/media/cache/0f/ca/0fca4597765ffacdb7bd529fc5eb88fa.jpg,https://books.toscrape.com/,2026-08-05 09:23:08.558448+00:00
Myriad (Prentor #1),1,Four,£58.75,Fantasy,https://books.toscrape.com/catalogue/myriad-prentor-1_36/index.html,https://books.toscrape.com/media/cache/6b/fa/6bfae8a489ff53f50467705c1e6fff19.jpg,https://books.toscrape.com/,2026-08-05 09:23:09.012364+00:00
My Perfect Mistake (Over the Top #1),1,Two,£38.92,Romance,https://books.toscrape.com/catalogue/my-perfect-mistake-over-the-top-1_35/index.html,https://books.toscrape.com/media/cache/0d/03/0d03eb55ed070a53b6c4b6eedd48b458.jpg,https://books.toscrape.com/,2026-08-05 09:23:09.454389+00:00
"Ms. Marvel, Vol. 1: No Normal (Ms. Marvel (2014-2015) #1)",1,Four,£39.39,Sequential Art,https://books.toscrape.com/catalogue/ms-marvel-vol-1-no-normal-ms-marvel-2014-2015-1_34/index.html,https://books.toscrape.com/media/cache/f4/96/f496db4d78639e233978ae2bee021752.jpg,https://books.toscrape.com/,2026-08-05 09:23:09.906540+00:00
Meditations,1,Two,£25.89,Philosophy,https://books.toscrape.com/catalogue/meditations_33/index.html,https://books.toscrape.com/media/cache/df/c9/dfc9ed72e963572d23233b3a8cb01676.jpg,https://books.toscrape.com/,2026-08-05 09:23:10.360026+00:00
Matilda,1,One,£28.34,Childrens,https://books.toscrape.com/catalogue/matilda_32/index.html,https://books.toscrape.com/media/cache/03/47/0347bd215f4813edd81c2cd76bab53ca.jpg,https://books.toscrape.com/,2026-08-05 09:23:10.785810+00:00
Lost Among the Living,1,Four,£27.70,Historical Fiction,https://books.toscrape.com/catalogue/lost-among-the-living_31/index.html,https://books.toscrape.com/media/cache/5a/40/5a40d914bc3491e5909f1167f9cb34f2.jpg,https://books.toscrape.com/,2026-08-05 09:23:11.329416+00:00
Lord of the Flies,1,Three,£24.89,Add a comment,https://books.toscrape.com/catalogue/lord-of-the-flies_30/index.html,https://books.toscrape.com/media/cache/33/73/3373a168b588e3fb19c558a21da71ac9.jpg,https://books.toscrape.com/,2026-08-05 09:23:11.644894+00:00
Listen to Me (Fusion #1),1,Three,£58.99,Romance,https://books.toscrape.com/catalogue/listen-to-me-fusion-1_29/index.html,https://books.toscrape.com/media/cache/00/dd/00dd43f59d255cbc16e9d9c9ed20a997.jpg,https://books.toscrape.com/,2026-08-05 09:23:11.951564+00:00
Kitchens of the Great Midwest,1,Five,£57.20,Fiction,https://books.toscrape.com/catalogue/kitchens-of-the-great-midwest_28/index.html,https://books.toscrape.com/media/cache/5e/37/5e379c1cc7003127bc74257a1b721540.jpg,https://books.toscrape.com/,2026-08-05 09:23:12.439017+00:00
Jane Eyre,1,Five,£38.43,Default,https://books.toscrape.com/catalogue/jane-eyre_27/index.html,https://books.toscrape.com/media/cache/0b/9b/0b9bd2c1de5ec402b2c797b53e5257f6.jpg,https://books.toscrape.com/,2026-08-05 09:23:12.759659+00:00
Imperfect Harmony,1,Four,£34.74,Romance,https://books.toscrape.com/catalogue/imperfect-harmony_26/index.html,https://books.toscrape.com/media/cache/fb/29/fb299a516730a2f2602b10f945f7a8e5.jpg,https://books.toscrape.com/,2026-08-05 09:23:13.182780+00:00
Icing (Aces Hockey #2),1,Four,£40.44,Sports and Games,https://books.toscrape.com/catalogue/icing-aces-hockey-2_25/index.html,https://books.toscrape.com/media/cache/8d/1e/8d1e285bf672b2ea66879490cc5f6904.jpg,https://books.toscrape.com/,2026-08-05 09:23:13.497230+00:00
"Hawkeye, Vol. 1: My Life as a Weapon (Hawkeye #1)",1,Three,£45.24,Sequential Art,https://books.toscrape.com/catalogue/hawkeye-vol-1-my-life-as-a-weapon-hawkeye-1_24/index.html,https://books.toscrape.com/media/cache/16/46/16460146a1a8b99c82da027368383ade.jpg,https://books.toscrape.com/,2026-08-05 09:23:13.901867+00:00
Having the Barbarian's Baby (Ice Planet Barbarians #7.5),1,Four,£34.96,Science Fiction,https://books.toscrape.com/catalogue/having-the-barbarians-baby-ice-planet-barbarians-75_23/index.html,https://books.toscrape.com/media/cache/f4/83/f4835e9f3fdd8b8107bbb39a391654f0.jpg,https://books.toscrape.com/,2026-08-05 09:23:14.331583+00:00
"Giant Days, Vol. 1 (Giant Days #1-4)",1,Four,£56.76,Sequential Art,https://books.toscrape.com/catalogue/giant-days-vol-1-giant-days-1-4_22/index.html,https://books.toscrape.com/media/cache/35/0b/350b1224dc46533851d5a34134e44842.jpg,https://books.toscrape.com/,2026-08-05 09:23:14.758465+00:00
"Fruits Basket, Vol. 1 (Fruits Basket #1)",1,Five,£40.28,Sequential Art,https://books.toscrape.com/catalogue/fruits-basket-vol-1-fruits-basket-1_21/index.html,https://books.toscrape.com/media/cache/7c/c1/7cc13a8fb238202250e87843c1a62f94.jpg,https://books.toscrape.com/,2026-08-05 09:23:16.256701+00:00
Frankenstein,1,Two,£38.00,Default,https://books.toscrape.com/catalogue/frankenstein_20/index.html,https://books.toscrape.com/media/cache/00/25/0025515e987a1ebd648773f9ac70bfe6.jpg,https://books.toscrape.com/,2026-08-05 09:23:17.017676+00:00
Forever Rockers (The Rocker #12),1,Three,£28.80,Music,https://books.toscrape.com/catalogue/forever-rockers-the-rocker-12_19/index.html,https://books.toscrape.com/media/cache/7f/b0/7fb03a053c270000667a50dd8d594843.jpg,https://books.toscrape.com/,2026-08-05 09:23:17.439212+00:00
Fighting Fate (Fighting #6),1,Three,£39.24,Romance,https://books.toscrape.com/catalogue/fighting-fate-fighting-6_18/index.html,https://books.toscrape.com/media/cache/57/e2/57e255929f6e597c18cb3843904cd92b.jpg,https://books.toscrape.com/,2026-08-05 09:23:17.873750+00:00
Emma,1,Two,£32.93,Classics,https://books.toscrape.com/catalogue/emma_17/index.html,https://books.toscrape.com/media/cache/09/63/09638baaef52f03827c215029c632a13.jpg,https://books.toscrape.com/,2026-08-05 09:23:18.305421+00:00
"Eat, Pray, Love",1,Three,£51.32,Nonfiction,https://books.toscrape.com/catalogue/eat-pray-love_16/index.html,https://books.toscrape.com/media/cache/21/95/2195c296e82620593a143356aeaa7745.jpg,https://books.toscrape.com/,2026-08-05 09:23:18.620464+00:00
Deep Under (Walker Security #1),1,Five,£47.09,Romance,https://books.toscrape.com/catalogue/deep-under-walker-security-1_15/index.html,https://books.toscrape.com/media/cache/74/e4/74e4ec43c40926c7b57fc0fe0f397183.jpg,https://books.toscrape.com/,2026-08-05 09:23:19.087813+00:00
Choosing Our Religion: The Spiritual Lives of America's Nones,1,Four,£28.42,Religion,https://books.toscrape.com/catalogue/choosing-our-religion-the-spiritual-lives-of-americas-nones_14/index.html,https://books.toscrape.com/media/cache/df/ab/dfabeab158046237ddb6b713b794909f.jpg,https://books.toscrape.com/,2026-08-05 09:23:19.405203+00:00
Charlie and the Chocolate Factory (Charlie Bucket #1),1,Three,£22.85,Childrens,https://books.toscrape.com/catalogue/charlie-and-the-chocolate-factory-charlie-bucket-1_13/index.html,https://books.toscrape.com/media/cache/d6/cc/d6cc0c66e34dfc214b406208bbaf18e2.jpg,https://books.toscrape.com/,2026-08-05 09:23:19.721534+00:00
Charity's Cross (Charles Towne Belles #4),1,One,£41.24,Romance,https://books.toscrape.com/catalogue/charitys-cross-charles-towne-belles-4_12/index.html,https://books.toscrape.com/media/cache/39/e0/39e008f84bbd24b49a7532c2024b855e.jpg,https://books.toscrape.com/,2026-08-05 09:23:20.156103+00:00
Bright Lines,1,Five,£39.07,Fiction,https://books.toscrape.com/catalogue/bright-lines_11/index.html,https://books.toscrape.com/media/cache/12/43/1243e7eb614f57f0e4cfee80553fa312.jpg,https://books.toscrape.com/,2026-08-05 09:23:20.598145+00:00
Bridget Jones's Diary (Bridget Jones #1),1,One,£29.82,Womens Fiction,https://books.toscrape.com/catalogue/bridget-joness-diary-bridget-jones-1_10/index.html,https://books.toscrape.com/media/cache/0c/32/0c329cbd2adf4e0dc825f892106673b2.jpg,https://books.toscrape.com/,2026-08-05 09:23:20.915492+00:00
Bounty (Colorado Mountain #7),1,Four,£37.26,Romance,https://books.toscrape.com/catalogue/bounty-colorado-mountain-7_9/index.html,https://books.toscrape.com/media/cache/80/ff/80ff924ed78cd7c5172410d0d92f8dfe.jpg,https://books.toscrape.com/,2026-08-05 09:23:21.350105+00:00
Blood Defense (Samantha Brinkman #1),1,Three,£20.30,Mystery,https://books.toscrape.com/catalogue/blood-defense-samantha-brinkman-1_8/index.html,https://books.toscrape.com/media/cache/cb/f6/cbf6d4b61953f29d7eedd2c9e01a9d74.jpg,https://books.toscrape.com/,2026-08-05 09:23:21.798984+00:00
"Bleach, Vol. 1: Strawberry and the Soul Reapers (Bleach #1)",1,Five,£34.65,Sequential Art,https://books.toscrape.com/catalogue/bleach-vol-1-strawberry-and-the-soul-reapers-bleach-1_7/index.html,https://books.toscrape.com/media/cache/a8/38/a8383903c98af18b898b9d70d5be2c16.jpg,https://books.toscrape.com/,2026-08-05 09:23:22.260962+00:00
Beyond Good and Evil,1,One,£43.38,Philosophy,https://books.toscrape.com/catalogue/beyond-good-and-evil_6/index.html,https://books.toscrape.com/media/cache/ab/45/ab45f300aa15066ad1260d6f1398d03e.jpg,https://books.toscrape.com/,2026-08-05 09:23:22.701638+00:00
Alice in Wonderland (Alice's Adventures in Wonderland #1),1,One,£55.53,Classics,https://books.toscrape.com/catalogue/alice-in-wonderland-alices-adventures-in-wonderland-1_5/index.html,https://books.toscrape.com/media/cache/96/ee/96ee77d71a31b7694dac6855f6affe4e.jpg,https://books.toscrape.com/,2026-08-05 09:23:23.140113+00:00
"Ajin: Demi-Human, Volume 1 (Ajin: Demi-Human #1)",1,Four,£57.06,Sequential Art,https://books.toscrape.com/catalogue/ajin-demi-human-volume-1-ajin-demi-human-1_4/index.html,https://books.toscrape.com/media/cache/09/7c/097cb5ecc6fb3fbe1690cf0cbdea4ac5.jpg,https://books.toscrape.com/,2026-08-05 09:23:23.608845+00:00
A Spy's Devotion (The Regency Spies of London #1),1,Five,£16.97,Historical Fiction,https://books.toscrape.com/catalogue/a-spys-devotion-the-regency-spies-of-london-1_3/index.html,https://books.toscrape.com/media/cache/1b/5f/1b5ff86f3c75e51e24c573d3f8bffd8f.jpg,https://books.toscrape.com/,2026-08-05 09:23:24.037471+00:00
1st to Die (Women's Murder Club #1),1,One,£53.98,Mystery,https://books.toscrape.com/catalogue/1st-to-die-womens-murder-club-1_2/index.html,https://books.toscrape.com/media/cache/2b/41/2b4161c5b72a4ae386b644682361b34a.jpg,https://books.toscrape.com/,2026-08-05 09:23:24.455929+00:00
"1,000 Places to See Before You Die",1,Five,£26.08,Travel,https://books.toscrape.com/catalogue/1000-places-to-see-before-you-die_1/index.html,https://books.toscrape.com/media/cache/d7/0f/d70f7edd92705c45a82118c3ff6c299d.jpg,https://books.toscrape.com/,2026-08-05 09:23:24.874610+00:00
